date,imp_kwh,exp_kwh,batt_profit,min,max,mean,std,spread
2024-06-01,165.26261084492538,0.0,-2.313495991768007,0.01154,0.24896000000000001,0.13795783972125436,0.041377690657261997,0.23742000000000002
2024-06-02,223.25456553217109,26.185791470929612,6.311481087596014,-0.03,0.31445999999999996,0.1115492361111111,0.07878147558204802,0.34446
2024-06-03,142.12710233093975,10.078409929555832,3.8771900489773263,0.009,0.47792,0.17696152777777777,0.06262558135591614,0.46892
2024-06-04,185.85406480162388,18.105597107824785,8.33423537906887,0.10499,0.49859,0.22620937500000002,0.06286048393643653,0.39359999999999995
2024-06-05,186.89438729943979,1.0991802261653114,0.15070150144645744,0.09512999999999999,0.40925,0.17880333333333331,0.04381913480333553,0.31412
2024-06-06,244.4512521581639,0.0,-1.4436641847255998,-0.04117,0.26748,0.10538840277777778,0.0675290949519969,0.30865
2024-06-07,176.39149967771482,0.0,0.0,0.05185,0.26091000000000003,0.13140274305555555,0.03945257183196992,0.20906000000000002
2024-06-08,100.23451428639581,0.17894328500106985,-0.04873254354968287,0.05035,0.32661,0.14371770833333333,0.03199476036630393,0.27626
2024-06-09,71.24617171718403,0.256974544157321,-0.07874649102129659,0.05098,0.30042,0.15460024305555556,0.04919585373463287,0.24944000000000002
2024-06-10,71.34500003299317,2.0889999665999994,0.0,-0.03657,0.23859,0.09307777777777777,0.06822802276568551,0.27516
2024-06-11,215.33799983199182,0.0,0.0,-0.04887,0.22341999999999998,0.06839538194444444,0.07511720890992998,0.27229
2024-06-12,209.28299970093715,16.441339111247142,4.865782030534609,-0.039020000000000006,0.30478,0.10052444444444444,0.09731674789006949,0.3438
2024-06-13,113.28800020021328,44.272153985739585,29.079431773088373,0.12651,1.09617,0.3028072222222222,0.1386844779602255,0.9696600000000001
2024-06-14,191.78166653376275,0.0,0.0,0.10499,0.2995,0.2157851736111111,0.04982650844203075,0.19451
2024-06-15,238.34459408415154,0.0,-1.5249865168276187,0.00895,0.25631,0.11825010416666666,0.05918105628775189,0.24735999999999997
2024-06-16,165.36899186450623,0.0,-0.38824751944970914,-0.04352,0.2539,0.08821618055555555,0.07336712548367504,0.29742
2024-06-17,124.73599959844015,2.421695397835145,1.1804245929946509,0.08885,0.67127,0.19753440972222222,0.08287113375238969,0.58242
2024-06-18,215.38049970398893,2.531401095628885,1.1593491590454845,0.16204,0.57271,0.25814288194444446,0.06562355650997113,0.4106700000000001
2024-06-19,236.58691255195245,12.505402087498151,8.369637756744664,0.05944,0.90024,0.27651038194444444,0.07806001247271466,0.8408
2024-06-20,150.47399956656815,34.89770391745516,22.87261017685736,0.19529,0.72497,0.32736885416666667,0.11522192633236833,0.52968
2024-06-21,220.34143257924504,1.9068215554882313,1.111966249681842,0.204,0.6749299999999999,0.3037594097222222,0.041110148581282153,0.47092999999999996
2024-06-22,214.1082796680587,0.11203084414222213,-6.224252721234768,0.0858,0.43695999999999996,0.2667192013888889,0.05503785665533913,0.35115999999999997
2024-06-23,230.23357215551502,0.0,-9.55186639887735,0.009,0.41020999999999996,0.20009552083333335,0.10248820596244367,0.40120999999999996
2024-06-24,171.7928907281091,0.16370156846613135,-0.23683590441184327,2e-05,0.45759,0.14661506944444444,0.10535524598443663,0.45757
2024-06-25,172.1166657656586,0.0,0.0,-0.04287,0.37192000000000003,0.11925104166666665,0.08602482494562304,0.41479000000000005
2024-06-26,206.18199983342015,0.0,0.0,-0.0324,0.27894,0.07672979166666666,0.07760976990447425,0.31134
2024-06-27,205.45206440636784,0.09169144843212519,-0.03786933668216109,0.03561,0.35978,0.14057559027777777,0.07873219897253635,0.32416999999999996
2024-06-28,216.63500040097995,0.0,0.0,-0.03013,0.25069,0.05627465277777778,0.06817626828063739,0.28082
2024-06-29,132.56699926591185,7.959538130671471,3.649045339484912,-0.04984,0.47096,0.09965260416666667,0.0936219301594639,0.5208
2024-06-30,75.00781965228701,3.767904503419969,0.9636237525170219,-0.04065,0.29549000000000003,0.10378052083333333,0.09645924708657162,0.33614000000000005
2024-07-01,126.62133316420996,17.22152411012633,7.516887298974308,0.10715000000000001,0.5515599999999999,0.2638720486111111,0.05776061246415728,0.4444099999999999
2024-07-02,236.75366673278725,1.0839490325501484,0.38757302557374246,0.10701000000000001,0.36735,0.2346576388888889,0.06048766300897449,0.26034
2024-07-03,170.24488105126775,12.84041857823241,8.170058911361593,0.04182,0.6841799999999999,0.19561347222222222,0.07683232825610313,0.6423599999999999
2024-07-04,232.61627184419976,2.564047014910951,0.24407979176301886,0.049409999999999996,0.48825999999999997,0.20437197916666666,0.07950572262557953,0.43884999999999996
2024-07-05,250.20334811805535,0.3967013513905046,-2.502429076191579,0.04629,0.45738,0.18307951388888888,0.07515845941320018,0.41109
2024-07-06,171.3882892015994,0.0,-5.596936615102642,0.03362,0.28878,0.1547065277777778,0.07692554377296122,0.25516
2024-07-07,86.64699946675329,0.0,0.0,0.00895,0.29929,0.11811659722222223,0.08509940685408648,0.29034
2024-07-08,115.58299983474001,0.0,0.0,0.04932,0.30625,0.19342371527777777,0.07454852881758553,0.25693
2024-07-09,204.68566696743466,0.0,0.0,0.09136,0.29929,0.20250847222222224,0.050222156781684554,0.20793
2024-07-10,190.74281671330664,8.222568530967525,4.697043951193726,0.04844,0.7084600000000001,0.21282597222222222,0.0749374108207303,0.66002
2024-07-11,266.4530000320079,0.0,0.0,-0.054799999999999995,0.30823,0.15058760416666667,0.09425842192238967,0.36303
2024-07-12,120.17484336212937,1.7667585769999097,0.3780143710880172,0.01242,0.52228,0.2178548263888889,0.08179905658689685,0.50986
2024-07-13,118.92833393472,0.3151067734473782,0.04596680072383849,0.00897,0.37339,0.16567201388888889,0.07470780469963052,0.36442
2024-07-14,99.69708105854237,0.0,-0.059844382442820476,-0.019989999999999997,0.33125,0.15607295138888888,0.0895293128178045,0.35124
2024-07-15,139.00599916730516,0.0,0.0,0.00897,0.26579,0.11516989583333334,0.058149826562573705,0.25682000000000005
2024-07-16,184.5409992981681,0.0,0.0,-0.01402,0.27282,0.09525986111111112,0.07153914024809836,0.28684
2024-07-17,225.1093320971986,0.10200000000000009,0.0,0.04371,0.27051,0.1424734722222222,0.06371292164949122,0.22679999999999997
2024-07-18,190.7565022448706,16.543664555764945,5.374884121411502,0.041210000000000004,0.41070999999999996,0.1610579166666667,0.08580395235794155,0.36949999999999994
2024-07-19,272.901284780858,5.926377582037221,1.3516480345643522,-0.030010000000000002,0.38489999999999996,0.07807194444444444,0.07490478830614598,0.41490999999999995
2024-07-20,150.165999866748,0.0,0.0,-0.05744,0.16296000000000002,0.031136180555555552,0.03699760404704123,0.2204
2024-07-21,99.0420001996679,0.2390001336000001,0.0,-0.048,0.20036,0.03507756944444444,0.044466089130634795,0.24836000000000003
2024-07-22,109.02499973486388,0.06900010020000003,0.0,-0.030010000000000002,0.18178999999999998,0.04733784722222222,0.0526406391434038,0.2118
2024-07-23,193.65800040080137,0.0,0.0,-0.05003,0.18694,0.02326982638888889,0.054228975228425215,0.23697
2024-07-24,234.8969997661039,0.0,0.0,-0.054799999999999995,0.16615,0.021093715277777775,0.04038989471216059,0.22094999999999998
2024-07-25,173.43885425653042,12.466635431055428,11.678359339337375,-0.03304,1.39336,0.10304270833333334,0.11071963815006748,1.4264
2024-07-26,219.2642303869924,1.2418739599082602,0.05543954550488768,-0.061380000000000004,0.26203,0.040403784722222225,0.06978081818573972,0.32341
2024-07-27,129.99199976740286,0.5832919155194994,0.1268885786776109,0.00654,0.26727999999999996,0.09324395833333333,0.057247282347665886,0.26073999999999997
2024-07-28,61.310072382160804,10.12068119516242,1.5176589361573392,-0.05003,0.35696,0.10597107638888889,0.10239306069227265,0.40699
2024-07-29,79.28799963234005,52.590941310710974,179.4035810188845,0.08453000000000001,3.94496,0.29648690972222225,0.5698007591556186,3.86043
2024-07-30,163.4565306274206,11.812835435726903,139.57208691321307,0.019190000000000002,17.376900000000003,0.29650489583333334,1.192753667338949,17.357710000000004
2024-07-31,194.66044348020895,3.2843784895082875,6.578877965297335,0.019190000000000002,3.94496,0.2841990277777778,0.517375246340488,3.92577
2024-08-01,172.81512013656086,0.7898204580655441,-0.1523543098261878,0.03595,1.41565,0.17831309027777778,0.11617524552586621,1.3797000000000001
2024-08-02,372.88158063799364,11.0029997328,-1.7381458487198818,-0.04352,0.2995,0.08253052083333333,0.10000977576645549,0.34302
2024-08-03,81.80799916616395,0.9220000667999996,0.0,0.01456,0.35462,0.19031847222222223,0.07822866339617365,0.34006
2024-08-04,63.57965087094734,18.528712589694116,-0.010008238639819655,0.04629,0.36007,0.21873243055555555,0.06408626768869395,0.31378
2024-08-05,64.34793696662612,136.7680305114206,2003.2426013261233,0.08309,17.5,2.165026215277778,4.5643712925659985,17.41691
2024-08-06,366.12640130928736,11.516666766799998,3.7419031089205053,-0.045939999999999995,0.28706,0.12372652777777778,0.09819138140908094,0.33299999999999996
2024-08-07,151.64515172967361,22.736999599199997,-0.12030943651978825,-0.039009999999999996,0.28737,0.11962350694444443,0.09200377005148414,0.32638
2024-08-08,239.79400010090794,10.827000200399997,0.0,-0.048,0.25909,0.06516371527777778,0.0845407038538232,0.30709
2024-08-09,69.83099979935986,30.917000334,0.0,0.00897,0.2995,0.18961565972222222,0.05689341150549844,0.29053
2024-08-10,58.11299949743999,38.550999866400005,0.0,-0.011460000000000001,0.29195,0.15567229166666668,0.06712094286981857,0.30341
2024-08-11,27.79699996582359,60.10363637471373,2.765624461521491,-0.00827,0.31518,0.14731708333333335,0.07421051330869546,0.32345
2024-08-12,85.62526212837011,47.030207392648386,0.842157473491061,-0.048,0.2995,0.08443479166666666,0.10166767253645992,0.3475
2024-08-13,170.90304463453808,40.337000233800005,-0.05389515456940861,-0.05485,0.2785,0.06215034722222222,0.08650318438007332,0.33335000000000004
2024-08-14,120.98166639922518,26.726233451837963,0.45237592766504614,-0.04389,0.29302,0.10029430555555556,0.0829440664070029,0.33691
2024-08-15,191.01455300688013,23.819530841656924,0.1568629461192502,-0.052469999999999996,0.27522,0.04973152777777778,0.08517411211957605,0.32769000000000004
2024-08-16,107.29666699946789,2.8289997995999996,0.0,-0.02902,0.24519,0.09344604166666666,0.06497852631858345,0.27421
2024-08-17,66.2320858055594,32.37374309292482,2.518009751736555,-0.04439,0.28845,0.1016104861111111,0.07060079939366262,0.33283999999999997
2024-08-18,22.723333033154006,120.33168642837258,19.840398232701006,0.00897,0.29436,0.14522947916666668,0.07728648965377485,0.28539000000000003
2024-08-19,146.6119395257701,63.03542911757305,2.5976022901696587,-0.04389,0.29929,0.10019177083333333,0.07026484276584535,0.34318
2024-08-20,156.4600631737635,2.8870000667999998,-0.03761881667343806,-0.039009999999999996,0.23821,0.04871295138888889,0.06656563369725246,0.27722
2024-08-21,140.47766623307743,12.953999699400004,0.0,-0.04683,0.19788,0.07155722222222222,0.06288066119671305,0.24470999999999998
2024-08-22,120.76066656613332,57.38760315421538,0.020685618199060046,-0.04233,0.2445,0.06824934027777778,0.0682660461354248,0.28683
2024-08-23,143.54907851378834,40.98399966600002,-0.0022252618737499145,-0.0354,0.15045,0.03213368055555556,0.0410308973109473,0.18585000000000002
2024-08-24,50.89899956569318,74.29600046760002,0.0,-0.0681,0.09281,-0.0009782638888888888,0.043602876976171066,0.16091
2024-08-25,38.32399983324,59.47100023380002,0.0,-0.09001,0.011470000000000001,-0.027039513888888887,0.022819327092652813,0.10148000000000001
2024-08-26,62.20588719816275,37.71509820828164,0.13835825849509154,-0.04505,0.20631,0.00765232638888889,0.05179090436944788,0.25136
2024-08-27,142.9750002001479,11.527999732800001,0.0,-0.058070000000000004,0.02514,-0.025767604166666666,0.019252618777196313,0.08321
2024-08-28,151.0886669000479,51.279000100200015,0.0,-0.061799999999999994,0.08889,-0.025111527777777778,0.03308252563193111,0.15069
2024-08-29,129.79666680026668,15.034000768199999,0.0,-0.05003,0.09333,-0.009272152777777777,0.03026835283762086,0.14336
2024-08-30,107.38866686683863,53.25899999999999,0.0,-0.06455,0.0112,-0.03163930555555555,0.022962579531697124,0.07575
2024-08-31,38.43599999961601,18.68899973280001,0.0,-0.061380000000000004,0.00895,-0.035372812499999996,0.018606277276316942,0.07033
2024-09-01,20.859999666240004,64.75700003351997,0.0,-0.061380000000000004,-0.00175,-0.043791527777777776,0.01149548017947563,0.05963
2024-09-02,101.2736663674119,45.14500066799999,0.0,-0.06455,0.08345,-0.009713680555555555,0.04584811182409676,0.148
2024-09-03,170.06510804873813,93.44826377796527,15.527474989062327,-0.03572,0.27082,0.05872371527777778,0.06928692275275204,0.30654000000000003
2024-09-04,131.79233309960551,64.54700013359997,0.0,-0.0632,0.04089,-0.025042951388888887,0.025129292331277437,0.10409000000000002
2024-09-05,155.8556672675801,0.6650000334,0.0,-0.04389,0.10436,0.008052638888888889,0.03492552535374376,0.14825
2024-09-06,137.53474077964572,12.213833752794802,0.04224802375918379,-0.039189999999999996,0.17023,0.021829652777777778,0.035399263332424304,0.20942
2024-09-07,28.57299966676679,94.63899956580005,0.0,-0.09001,0.10547,0.018938125,0.05314517978567031,0.19548
2024-09-08,20.00499946606801,63.269000133599995,0.0,-0.061799999999999994,0.05809,-0.01782184027777778,0.02685109613219789,0.11989
2024-09-09,97.69278111192673,31.189003408419214,1.7735597761505817,-0.044,0.18663,0.021946076388888888,0.05146045188535578,0.23063
2024-09-10,96.12066643253196,84.73112039431942,1.9550933550458844,-0.185,0.21469,0.039706180555555554,0.06700637718359664,0.39969
2024-09-11,157.47972623435496,24.6699993654,-0.1143334012910524,-0.06455,0.13009,0.029007916666666664,0.034834904606154175,0.19464
2024-09-12,147.9663337658761,67.975000668,0.0,-0.09001,0.13977,0.018027638888888888,0.06417496449763979,0.22978
2024-09-13,111.67500040048685,22.18799959920001,0.0,-0.02105,0.13272,0.04229954861111111,0.03877697247812233,0.15377000000000002
2024-09-14,56.02299996696005,7.340000334000001,0.0,-0.061799999999999994,0.09495999999999999,0.002222951388888889,0.04379380891090038,0.15675999999999998
2024-09-15,36.49691826074958,104.43222658120261,3.6535640297684697,-0.09654,0.24331999999999998,0.0016619791666666666,0.05786389361744499,0.33986
2024-09-16,60.26566690196669,51.947999499,0.0,-0.048,0.13272,0.0316715625,0.054990184008342255,0.18072
2024-09-17,156.639238833199,130.7335174996248,15.051506966451168,-0.04692,0.28005,0.06301673611111111,0.07331571708636771,0.32697000000000004
2024-09-18,210.56641079867265,97.8430000668,-0.2793766551727236,-0.061799999999999994,0.13677,0.002510277777777778,0.049084268510935156,0.19857
2024-09-19,73.86133329939332,37.60199929859999,0.0,-0.048,0.08476,0.009412291666666668,0.03571376020388635,0.13276
2024-09-20,125.36766693375861,19.042000367400007,0.0,-0.04803,0.13227,6.465277777777802e-05,0.036867669129695704,0.18030000000000002
2024-09-21,45.038000334371986,26.703999866400007,0.0,-0.0579,0.08270999999999999,-0.01229673611111111,0.0266595360776284,0.14060999999999998
2024-09-22,19.707999766404004,65.17699963248,0.0,-0.05248,0.12897999999999998,-0.006722777777777777,0.027978018298952273,0.18145999999999998
2024-09-23,46.935000032754786,86.32949536714582,16.623132848716857,-0.04339,0.28223000000000004,0.04837045138888889,0.07870821572835,0.32562
2024-09-24,203.77742947694384,79.10733188549948,8.730098108605873,-0.039189999999999996,0.27363,0.07744111111111111,0.06098217363459716,0.31282
2024-09-25,210.32960114905163,0.0,-0.42863499665163907,0.0,0.15178999999999998,0.07391513888888888,0.030792262410724004,0.15178999999999998
2024-09-26,168.34003312875333,13.391000133600006,0.0,-0.05,0.17188,0.036182569444444444,0.05407250691273629,0.22188000000000002
2024-09-27,93.44199949925202,132.53300003339993,0.0,-0.048,0.18278,0.036273680555555556,0.06206821887865545,0.23077999999999999
2024-09-28,33.13599966635999,102.82600056780002,0.0,-0.36725,0.04683,-0.0327909375,0.04508679735392294,0.41408
2024-09-29,33.08099919986401,16.576999933200003,0.0,-0.061799999999999994,0.13366999999999998,0.0029350347222222226,0.04212692624653937,0.19546999999999998
2024-09-30,39.001333335373175,85.22624037075218,1.8859111598128393,-0.06455,0.24216,0.025230347222222223,0.06643227967229044,0.30671
2024-10-01,130.63867411926768,110.20430979252389,16.88502600329087,-0.05001,0.25764,0.044219062499999996,0.08050166086210306,0.30765
2024-10-02,198.09830805610582,114.22519147411448,2.3740523586044353,-0.09226999999999999,0.25262,0.04786027777777777,0.07013900894815374,0.34489000000000003
2024-10-03,192.17652787264493,85.70299963260003,-0.16247376570789931,-0.11206999999999999,0.07707,-0.015215,0.03902609924524422,0.18913999999999997
2024-10-04,82.32566660033477,46.461999865200006,0.0,-0.11537,0.16327,0.008483055555555556,0.0499808635404369,0.27864
2024-10-05,32.55799983237602,52.823999699400005,0.0,-0.06,0.06328,-0.009399583333333333,0.030105502162444696,0.12328
2024-10-06,19.8699999666,70.00899996648,0.0,-0.061799999999999994,0.07398,-0.023755797101449278,0.02635723127441932,0.13578
2024-10-07,72.55800020074685,3.7859998998,0.0,-0.08903,0.13,0.015347430555555557,0.04044157664579792,0.21903
2024-10-08,136.98184211331377,89.86234188503835,7.901196670571336,-0.06455,0.25462,0.04820663194444444,0.0691363604379758,0.31917
2024-10-09,177.6805852317693,129.06079031542927,5.670805757009823,-0.3301,0.26488999999999996,0.024830520833333335,0.08606395138269186,0.5949899999999999
2024-10-10,148.61716672622265,104.74999973280002,0.0,-0.36311,0.13677,-0.0030797916666666664,0.05449560131171857,0.49988
2024-10-11,75.4363335663893,74.756999802,0.0,-0.06455,0.13677,0.015331111111111113,0.0534245044144713,0.20132
2024-10-12,32.38099983286799,115.69599996312002,0.0,-0.97105,0.1564,-0.010365208333333332,0.12785590385460927,1.12745
2024-10-13,19.985666766711994,173.23568364155273,9.186354230517683,-0.37733999999999995,0.26959,0.03052517361111111,0.08639512886302647,0.64693
2024-10-14,119.67327422908194,88.43800026719997,-0.09613344745902924,-0.048,0.13677,0.02238138888888889,0.05449652980175528,0.18477
2024-10-15,67.15776613231473,89.35399983299999,0.0,-0.092,0.12411,0.013762430555555557,0.04118337230425116,0.21611
2024-10-16,113.08700030054669,177.7841229926624,26.2831530396795,-0.11023999999999999,0.27579000000000004,0.034935069444444446,0.08633437873704504,0.38603000000000004
2024-10-17,233.97951684182237,65.03644357342151,3.0287693396344473,-0.061799999999999994,0.28916000000000003,0.03431038194444444,0.05838518963609826,0.35096000000000005
2024-10-18,178.5124481117262,53.3679289892342,6.774155333372174,-0.04803,0.29214,0.01581451388888889,0.05459721319137647,0.34017000000000003
2024-10-19,36.68199976630801,107.25400046880003,0.0,-0.272,0.14859,0.0056580208333333335,0.06556114265617126,0.42059
2024-10-20,22.49000013387719,105.60810134333373,0.15565935916820428,-0.45089,0.21921000000000002,0.018547569444444446,0.07739138562967829,0.6701
2024-10-21,31.421666599705205,179.3576605285165,13.041624173192464,-0.24627000000000002,0.26293,0.0393878125,0.09033683168735591,0.5092
2024-10-22,208.02547089948652,92.4902599295191,0.19829477767745696,-0.061380000000000004,0.22080000000000002,0.0299578125,0.07211142110708393,0.28218000000000004
2024-10-23,187.50142989290654,101.96215973583321,7.292917494848224,-0.9634299999999999,0.44060000000000005,0.03087979166666667,0.132244649931468,1.40403
2024-10-24,109.84999990018399,81.31299986879999,0.0,-0.45727999999999996,0.13272,0.008349305555555554,0.07548646184228854,0.59
2024-10-25,37.707000100396016,125.03570342159574,0.46613360003735177,-0.39435000000000003,0.2757,0.04991125,0.08120876112495179,0.67005
2024-10-26,35.316447745648276,152.74421185774742,0.8083289493742425,-0.44006,0.27663,0.02736545138888889,0.11041591598240974,0.71669
2024-10-27,25.884379397095035,76.50300020051996,-0.03167744231920732,-0.40841000000000005,0.11183,-0.0005132638888888886,0.06328421750427769,0.52024
2024-10-28,64.73385774328442,114.16902700490563,0.0,-1.0,0.18430000000000002,-0.00739892361111111,0.11556565761846625,1.1843
2024-10-29,120.88916241092984,124.43932345746114,5.248634127713685,-0.44357,0.26197000000000004,0.04782861111111111,0.10295367397100011,0.7055400000000001
2024-10-30,114.5732148772581,121.92989807337592,0.6809638152248974,-0.1585,0.24049,0.052468402777777784,0.08929408635161852,0.39899
2024-10-31,106.72694182062337,90.61480836124674,0.10332258990549431,-0.06455,0.22383,0.03526545138888889,0.07115984398740079,0.28837999999999997
2024-11-01,104.71823180869337,94.68899989859996,-0.009226541658997764,-0.14,0.13,0.015316666666666666,0.06156255832449173,0.27
2024-11-02,32.884999732908014,119.50899976739996,0.0,-0.38541000000000003,0.09376999999999999,-0.034887534722222224,0.07314590475483213,0.47918000000000005
2024-11-03,22.670000033519997,166.32899960148004,0.0,-0.09555,0.11721,0.0008481250000000005,0.05398063380914755,0.21276
2024-11-04,75.81756686703665,132.91748392209118,5.317263673421758,-0.11023999999999999,0.2801,0.059832534722222226,0.08127204237589952,0.39034
2024-11-05,94.52060036315525,148.53834316249848,2.2112643136794854,-0.11564,0.24743,0.0661001388888889,0.07272262947399047,0.36307
2024-11-06,191.89807878555885,56.1327553209371,5.113152126268755,-0.05048,0.59576,0.020732395833333334,0.07487242350530038,0.6462399999999999
2024-11-07,33.532232555417096,92.21404324829429,0.024277425997997187,-0.45899,0.21559,0.04593152777777778,0.07700686871775474,0.67458
2024-11-08,107.93305759335672,88.54935667493663,0.22268594047322238,-0.11566,0.2995,0.009964097222222223,0.07899648092469239,0.41516
2024-11-09,27.53365626618809,86.92615520732295,0.680023928771184,-0.039549999999999995,0.28042,0.08673878472222223,0.08139969220795196,0.31997
2024-11-10,24.334128200286493,150.97000026839996,0.0,-0.39693,0.20688,0.031192430555555557,0.09931417532183301,0.60381
2024-11-11,108.55441891656127,126.89136634019944,0.25538217177882916,-0.45592,0.27493,0.07278652777777778,0.08391459183238895,0.73085
2024-11-12,67.28547080367039,85.41477463489764,5.20906974059038,0.038130000000000004,0.29542,0.13152631944444443,0.042552783590317084,0.25729
2024-11-13,229.212842844078,39.53115829793776,-0.09384759803045314,-0.99754,0.24741,0.05292118055555556,0.11243551151115756,1.24495
2024-11-14,84.3073393195883,111.66134517844904,0.21321836983828835,-0.06455,0.24771,0.08243423611111111,0.07087129757751273,0.31226
2024-11-15,45.476864287965675,142.04190822314686,0.0,-1.0,0.19035,0.05427892361111111,0.11947143900764987,1.19035
2024-11-16,26.94499983313203,129.35600003339997,0.0,-0.10501,0.17023,0.004980381944444445,0.0725389539723838,0.27524
2024-11-17,25.80899990017079,55.41499973400001,0.0,-1.0,0.09601000000000001,-0.017642638888888888,0.1193638562537738,1.09601
2024-11-18,105.0407758848134,97.76739601796562,3.1375709286736324,-0.99324,0.25691,0.003881215277777778,0.08916568871970548,1.25015
2024-11-19,121.48310836545313,130.2120355691683,-0.08703839747297659,-0.38133999999999996,0.21422,0.04895336805555556,0.09006482724922092,0.59556
2024-11-20,75.960666800308,126.37161869156692,0.15113639254501338,-0.09001,0.22337,0.04930559027777778,0.07511243419289557,0.31338
2024-11-21,78.37458007567099,168.93103851741273,10.527127474968992,-0.04025,0.29477,0.09718548611111111,0.07571042458409305,0.33502
2024-11-22,123.2431791883422,120.23578089094882,15.711492560579009,-0.053689999999999995,0.31527999999999995,0.10757236111111111,0.08754004428824333,0.36896999999999996
2024-11-23,98.86202004237138,47.45600003399999,0.6204344900034574,-0.029920000000000002,0.21206,0.07204774305555556,0.06860810968899751,0.24198
2024-11-24,28.644999966251998,17.478011103488182,0.4791811783244343,0.01242,0.27313,0.13871899305555557,0.032082096541446975,0.26071
2024-11-25,66.13393100953547,10.862232012791678,3.9936295758715294,0.0,0.39888999999999997,0.16782854166666666,0.042484371120489556,0.39888999999999997
2024-11-26,110.88650261188258,58.96323791294996,3.2628798697375334,0.0,0.39824,0.1407414236111111,0.04819954487894773,0.39824
2024-11-27,194.7265874259236,63.05827077395425,-0.05697705493595072,-0.061799999999999994,0.27082,0.06719583333333333,0.0934611020618004,0.33262
2024-11-28,130.3326750066594,110.64100070279997,-0.036007556633676906,-0.029920000000000002,0.19116999999999998,0.08648399305555556,0.05609518366438792,0.22108999999999998
2024-11-29,53.19544295864098,116.01865087713408,0.7167754211261709,-0.0345,0.2995,0.121628125,0.0634313756596443,0.33399999999999996
2024-11-30,37.00064119513338,13.967032319366727,1.4428052766227235,0.0,0.31581,0.13777395833333334,0.05553629782954117,0.31581
2024-12-01,22.492999733412006,86.89099973291991,0.0,-0.06455,0.24312999999999999,0.041204826388888886,0.08792781250048005,0.30767999999999995
2024-12-02,42.1420002669812,141.2844555720491,7.492779256443553,-0.06455,0.2995,0.08828809027777779,0.08264243288869137,0.36405
2024-12-03,200.0481627315144,40.99300043399998,0.8873357825557832,-0.0632,0.22159,0.0714742361111111,0.07456881838525155,0.28479
2024-12-04,32.534666933026706,154.98300070499988,0.0,-0.01872,0.22412,0.0935329861111111,0.05096965879015157,0.24284
2024-12-05,102.17633373389606,146.96041948385115,9.012548333930614,0.0,0.76852,0.1345809027777778,0.0950102138423748,0.76852
2024-12-06,113.39198411729397,19.80901060138986,0.11244123860859136,0.0,0.27082,0.1253323263888889,0.03609901875669524,0.27082
2024-12-07,29.931153419375274,63.23103823744454,0.028848548183695484,-0.04505,0.27117,0.03672663194444445,0.060641267834494236,0.31622
2024-12-08,17.552999900028,182.01900040907995,0.0,-0.2536,0.17186,0.015950729166666667,0.08508474638915942,0.42546
2024-12-09,53.45282732544496,106.14398606684703,0.07625575180984753,-0.1465,0.2922,0.10871090277777778,0.07253349356730049,0.4387
2024-12-10,124.41647627537003,96.60566720340003,-0.07683378467022091,-0.06455,0.2332,0.07896020833333334,0.08353388744619047,0.29774999999999996
2024-12-11,136.76536657650658,126.9636669327,0.009148616585350126,-0.06455,0.21519,0.05269447916666667,0.08711513335214054,0.27974
2024-12-12,72.8527995725559,125.6137299684139,2.8949403446524196,-0.040229999999999995,0.29929,0.10094909722222223,0.08498314158635221,0.33952
2024-12-13,64.38362662132765,105.66613874753445,3.7044114756143327,-0.06455,0.44997000000000004,0.10682791666666666,0.0954735098920899,0.5145200000000001
2024-12-14,32.53637657990185,94.40186109049897,0.13113410880576976,-0.0362,0.2676,0.12292802083333333,0.09458831245014791,0.3038
2024-12-15,19.576289848704043,175.4102218551609,1.3221448466579264,-0.14,0.2995,0.09890086805555556,0.09763223644891772,0.4395
2024-12-16,88.32747601516324,54.02709567892932,13.639660587756179,-0.21969999999999998,0.60082,0.11322118055555556,0.11203908736799403,0.82052
2024-12-17,176.05411438465273,116.71700043300005,-0.025156570791459682,-0.06455,0.22479,0.025450312500000002,0.07454779596458412,0.28934
2024-12-18,69.64933306639846,131.9200001634,0.0,-0.14118,0.15408000000000002,0.03310864583333333,0.0769910002245811,0.29526
2024-12-19,94.79999983274676,148.63600056780004,0.0,-0.2546,0.21988,0.04017166666666667,0.07464724669419756,0.47448
2024-12-20,97.92366646613233,99.16000007040002,0.0,-0.05008,0.11943000000000001,0.030759548611111114,0.05622202621926501,0.16951
2024-12-21,34.29499973326801,130.78999933307998,0.0,-0.45072,0.12676,-0.019339097222222223,0.08909152493089993,0.57748
2024-12-22,30.140000133480008,112.86899979840007,0.0,-0.43348000000000003,0.11915,-0.020717604166666667,0.08664464030879222,0.5526300000000001
2024-12-23,115.64800023309202,96.0259999332,0.0,-0.14086,0.057640000000000004,-0.024972048611111113,0.0392226291387398,0.1985
2024-12-24,63.12400026731874,133.38500003459998,0.0,-0.03762,0.10611,0.029565798611111114,0.05262946852145941,0.14373
2024-12-25,62.541999933066805,175.7300109871894,1.367957934154322,-0.046810000000000004,0.17623,0.029601284722222218,0.06047960578381229,0.22304000000000002
2024-12-26,142.11469335134043,64.9810000668,-0.0772767347064502,-0.04149,0.10964,-0.007712187499999999,0.03212002993573846,0.15113
2024-12-27,76.41533360002809,91.90999983047999,0.0,-0.181,0.09747,-0.005298784722222222,0.052578987054741004,0.27847
2024-12-28,21.916999833720013,69.98999969940003,0.0,-0.061799999999999994,0.1065,0.01468107638888889,0.0573188657660368,0.1683
2024-12-29,17.910999866640005,164.62000006440002,0.0,-0.14,0.11779,0.02268236111111111,0.06193064774081867,0.25779
2024-12-30,99.36499983324005,115.49399969939999,0.0,-0.07501000000000001,0.16,0.046358437499999995,0.06054120713171087,0.23501
2024-12-31,104.61566673359872,160.2970000667999,0.0,-0.14133,0.14696,0.03521034722222222,0.07272933372341,0.28829000000000005
2025-01-01,101.62833356702663,146.9789997009601,0.0,-0.389,0.13,-0.020966944444444444,0.12049979542699694,0.519
2025-01-02,100.52666616627872,163.52000013119994,0.0,-0.44283,0.08398,-0.010430381944444444,0.08544472842040166,0.52681
2025-01-03,22.469666600337337,169.67039381876967,4.604364193582138,-0.09001,0.22337,0.046220000000000004,0.07506576940182859,0.31338
2025-01-04,44.07098780981842,117.75400026828004,-0.15754055092115435,-0.039659999999999994,0.16,0.0702975,0.06681529868732128,0.19966
2025-01-05,22.419999866700014,75.02799966480002,0.0,-0.032,0.18061000000000002,0.07826916666666667,0.04888153120231534,0.21261000000000002
2025-01-06,107.69679586996047,15.80027037927512,3.0859489516352387,-0.021,0.23843999999999999,0.049585416666666667,0.046250346549224323,0.25944
2025-01-07,162.92199956629202,145.4909996922,0.0,-0.21219,0.06986,-0.018072430555555557,0.043049747501297565,0.28205
2025-01-08,78.9236666336399,133.82899943819987,0.0,-0.05963,0.17612,0.03865826388888889,0.060145057310860034,0.23575000000000002
2025-01-09,55.757333600150695,85.85352411349353,3.1046433570866836,-0.021,0.28508999999999995,0.10054895833333334,0.05599731778940854,0.30609
2025-01-10,110.14839667772415,103.61533316279998,0.08444471094647958,-0.02218,0.17612,0.102356875,0.051493076852325625,0.1983
2025-01-11,26.16300009983883,101.8430000334,0.0,-0.03446,0.21388,0.0929196875,0.05592487867937402,0.24833999999999998
2025-01-12,25.699999332730798,32.278000066919994,0.0,-0.02136,0.18311000000000002,0.09351770833333334,0.05294808735272548,0.20447
2025-01-13,106.31888236480587,103.65112762684288,0.14251419050560146,-0.05636,0.24222,0.09874177083333333,0.06575494089083385,0.29858
2025-01-14,49.95715695297987,125.43955648023811,1.5720670934340049,-0.03446,0.26962,0.10353506944444445,0.0678118646921504,0.30408
2025-01-15,194.37628017995797,10.347000400799999,-0.005155491179204974,-0.12306,0.21541,0.03615677083333333,0.06118738092945746,0.33847
2025-01-16,98.3103334337614,105.22999963391995,0.0,-0.048,0.22409,0.049368749999999996,0.07325866785475736,0.27209
2025-01-17,35.12766659974544,125.68599996300004,0.0,-0.16927,0.11178,0.0016744791666666668,0.05759782423427303,0.28105
2025-01-18,22.544999799214796,158.20699983791988,0.0,-0.05001,0.12368000000000001,0.003078541666666667,0.04964177652904789,0.17369
2025-01-19,26.23499983302,150.76998899023224,3.1080436490304044,-0.045219999999999996,0.30856,0.06232871527777777,0.0738799376619666,0.35378
2025-01-20,27.455666433215992,74.17390528328353,7.306717507863047,0.02004,0.33642,0.1401954513888889,0.05535144628704216,0.31638
2025-01-21,121.66328644063222,86.1453678664334,-0.15783165019545747,0.00863,0.24,0.12458670138888889,0.04722685827725351,0.23137
2025-01-22,180.0124586405818,85.23400006547998,-0.15016567760535698,-1.0,0.099,-0.0143359375,0.08993156350303606,1.099
2025-01-23,60.75866720018949,44.51899953240002,0.0,-0.03141,0.13938,0.05505503472222222,0.04524734508159112,0.17079
2025-01-24,77.22133353399734,113.5799998998,0.0,-0.12290999999999999,0.17872,0.034534375,0.07922968362648092,0.30162999999999995
2025-01-25,28.096999332241214,123.9129994678799,0.0,-0.08486,0.14779,0.027205416666666666,0.06807695873514898,0.23265000000000002
2025-01-26,17.5079996990388,138.45699946560003,0.0,-0.061369999999999994,0.17023,0.029702743055555553,0.05831006496073119,0.23159999999999997
2025-01-27,47.095874494102745,100.17181998566682,5.873892617881956,-0.06251,0.47949,0.03707489583333333,0.08489906642261517,0.542
2025-01-28,131.64559990014214,112.26400047600002,0.0,-0.06631000000000001,0.09326000000000001,0.011309652777777778,0.04744756861866861,0.15957000000000002
2025-01-29,141.40433340002534,143.32200019787996,0.0,-0.11514,0.13618,0.007510833333333334,0.050976843899336106,0.25132
2025-01-30,59.80633309952127,111.74600023860002,0.0,-0.07501000000000001,0.16,0.034670868055555554,0.05984133055671357,0.23501
2025-01-31,74.6056668670787,134.35000026372006,0.0,-0.04398,0.13835,0.03369565972222222,0.05096373235538313,0.18233
2025-02-01,24.9393334340052,159.94125093905078,13.251915444842854,-0.05928,0.55332,0.07146934027777778,0.10831760771626696,0.6126
2025-02-02,59.69537681859914,118.9665364168418,3.911533257788019,-0.0335,0.38425,0.07759875,0.0937875742486683,0.41774999999999995
2025-02-03,43.84166663451799,53.48114720523176,194.35658665668845,-0.02,11.34681,0.27701555555555557,1.0721391744507915,11.36681
2025-02-04,172.10759606407237,14.197123130931338,-0.29397994348778556,-0.03541,0.44338,0.1021196875,0.056831535237603606,0.47879
2025-02-05,111.66502630481692,125.72852631559412,0.024620743903143595,-0.07573,0.2995,0.03303201388888889,0.07616949159334502,0.37523
2025-02-06,85.54398758011224,107.5384676494193,1.0479317776599348,-0.046729999999999994,0.34018,0.13167447916666666,0.09633310073535867,0.38691
2025-02-07,117.0466132342817,11.237558892888337,0.3853478656453704,-0.06394,0.30765,0.08970166666666667,0.07103209926107737,0.37159
2025-02-08,40.08399976618677,10.664000033520004,0.0,-0.10945999999999999,0.08075,-0.0014974652777777772,0.03516478140190959,0.19021
2025-02-09,22.821000100080003,148.7200004675999,0.0,-0.083,0.033,-0.023851666666666667,0.01882309020162938,0.116
2025-02-10,63.761500066305466,93.16666697030003,0.021893521437593873,-0.07604000000000001,0.13085,0.013521493055555556,0.055350576630267254,0.20689000000000002
2025-02-11,145.17343288286332,151.34232156411156,15.114576383819685,0.009,0.34389,0.09797194444444444,0.060324698246287285,0.33488999999999997
2025-02-12,48.34837518591829,62.48035378944179,9.7914573414349,0.02027,0.9,0.15116510416666668,0.08730083132373309,0.87973
2025-02-13,200.47354495547918,33.691119738989904,0.21867821250307773,-0.029,0.50631,0.06503458333333333,0.0737300884441763,0.5353100000000001
2025-02-14,68.24099558178943,94.54700013239996,0.0,-0.06394,0.19159,0.053796631944444444,0.05843058825068002,0.25553000000000003
2025-02-15,33.471000300348,79.91699989860004,0.0,-0.10661,0.1047,-0.009752916666666667,0.0494058137669255,0.21131
2025-02-16,37.144999632852,126.80700000000003,0.0,-0.055060000000000005,0.17025,0.028124305555555555,0.06475512675709864,0.22531
2025-02-17,115.69264288909953,129.03504320409718,0.13750903019188299,-0.03376,0.23486,0.06636503472222223,0.07088632930423719,0.26862
2025-02-18,138.1028333049977,84.4590220486512,0.058606404747842525,-0.05947,0.21872999999999998,0.05041253472222222,0.0721961394445413,0.2782
2025-02-19,168.63033286586634,52.99500050100001,0.0,-0.06631000000000001,0.14438,0.02418263888888889,0.05224655744104652,0.21069000000000002
2025-02-20,146.6336661661719,75.18300050339997,0.0,-0.10341,0.08595,0.016351944444444443,0.053237106950741686,0.18936
2025-02-21,116.8103332994601,93.75025790107722,1.8887110168335675,-0.03903,0.23135,0.050012569444444446,0.07005978322923619,0.27038
2025-02-22,82.67091684951791,97.58694225555803,9.307720594624765,-0.03505,0.31631,0.06284993055555556,0.08616777016972778,0.35136
2025-02-23,145.33162575228755,93.43274898549423,12.125775700134353,-0.35517000000000004,0.36407,0.05184520833333334,0.09084049512174298,0.7192400000000001
2025-02-24,106.96044532298497,82.04321064084624,0.3625560972535753,-0.03263,0.24214,0.05888072916666667,0.05350285548883812,0.27477
2025-02-25,164.3988250805763,100.43111978886539,-0.025090612107344964,-0.019989999999999997,0.22337,0.08045743055555556,0.05195673385306363,0.24336000000000002
2025-02-26,138.98266693362675,64.26399986700001,0.0,-0.031760000000000004,0.21635,0.09313864583333334,0.06852005849333376,0.24811
2025-02-27,121.22014929879428,80.3894004462519,1.175924596054084,-0.029,0.28644,0.12062996527777778,0.06457799375175938,0.31544
2025-02-28,128.05682867933112,71.04099976680003,-0.002708473204878188,-0.02725,0.18924000000000002,0.08695243055555556,0.056857810354013764,0.21649000000000002
2025-03-01,73.18432753783857,90.83292868377876,0.032391526736882795,-0.02298,0.23667,0.07021194444444444,0.06031429884930536,0.25965
2025-03-02,66.61500000015843,27.58299976619999,0.0,-0.06631000000000001,0.0963,0.023853923611111112,0.043910991975346585,0.16261
2025-03-03,88.66699989304796,114.34699992940008,0.04281094267355771,-0.16994,0.14955000000000002,0.012295763888888887,0.05950955229245627,0.31949000000000005
2025-03-04,73.52569947274637,112.34735116339284,3.430671793128649,-0.09972,0.29289,0.05765052083333333,0.07467406709789103,0.39261
2025-03-05,133.772057590292,100.00586374011486,4.5027638769168945,-0.02845,0.29701,0.057553749999999994,0.06219982399534793,0.32545999999999997
2025-03-06,172.12033697370484,15.471000100200008,-0.15980196672448185,-0.0815,0.08947,-0.0009821874999999998,0.025144979238656304,0.17097
2025-03-07,97.28266680001221,111.93311855006927,2.482511839629089,-0.03032,0.29342,0.04055107638888889,0.0613063722343583,0.32374
2025-03-08,46.53120649738672,114.2939996994,0.008260091557608736,-0.0441,0.17047,0.04442975694444445,0.04975800411801415,0.21457
2025-03-09,25.642665966103998,111.87451872324024,8.514784468292909,-0.026,0.52519,0.07701319444444445,0.08812669740003887,0.5511900000000001
2025-03-10,56.53000010006799,102.1299907298202,0.0,0.01242,0.1598,0.08839878472222222,0.03353222900645953,0.14738
2025-03-11,98.60558068008315,65.82798172870012,0.7819428887430309,-0.026,0.26226,0.09908854166666667,0.04740857434273683,0.28826
2025-03-12,127.5942712963327,43.90973829627265,0.14768519694580393,0.0096,0.28329000000000004,0.08976583333333334,0.04293932245091388,0.27369000000000004
2025-03-13,157.39842507571797,51.937527920141996,0.26010813657808096,-0.018920000000000003,0.2737,0.10478381944444444,0.06283925047289438,0.29262
2025-03-14,100.9584276837714,93.51975501496011,1.5627260451845861,-0.026,0.46198,0.1079567361111111,0.05792331817080391,0.48798
2025-03-15,39.70534790467129,48.146999899800036,-0.08153676338037642,-0.022449999999999998,0.19125999999999999,0.0847820138888889,0.05337945941295509,0.21370999999999998
2025-03-16,36.45099916574397,1.66300006704,0.0,-0.11023999999999999,0.14561000000000002,0.01358826388888889,0.04641166604860757,0.25585
2025-03-17,121.48200006644001,94.47500043299996,0.0,-0.03,0.16635,0.04318427083333334,0.0509343997873385,0.19635
2025-03-18,59.25533319948134,102.47800006679999,0.0,-0.01952,0.20521999999999999,0.08911829861111112,0.04587059253448255,0.22474
2025-03-19,97.33466653314673,77.41127799300745,1.699110339855,-0.020730000000000002,0.34520999999999996,0.10792107638888888,0.06879870924884955,0.36594
2025-03-20,288.9554518126277,0.8912449872252959,0.10792041660426324,-0.0025099999999999996,0.2471,0.0731392013888889,0.05736552066079447,0.24961
2025-03-21,60.531333500731684,9.347999599199996,0.0,-0.02191,0.22033000000000003,0.11195434027777777,0.05318665738981844,0.24224
2025-03-22,33.09700026693477,127.11900070139997,0.0,-0.11752,0.20513,0.07432684027777778,0.07791493585541985,0.32265
2025-03-23,23.96700020079601,136.83099956580003,0.0,-0.044,0.14877,0.0548175,0.057307031030885844,0.19277
2025-03-24,76.79366669993466,50.48099989979998,0.0,-0.0434,0.17840999999999999,0.06204635416666667,0.0491328653063518,0.22180999999999998
2025-03-25,94.10933319958822,83.33099919839998,0.0,-0.021,0.1595,0.06436690972222221,0.04110985198389994,0.1805
2025-03-26,127.5309997329201,55.28800056780001,0.0,-0.02857,0.20915,0.05744930555555556,0.04878496694897855,0.23772000000000001
2025-03-27,127.26633336685346,85.48699983300004,0.0,-0.0269,0.16519999999999999,0.050495659722222225,0.05901758418866099,0.1921
2025-03-28,111.35799999972667,60.14124054781931,3.766882770752652,-0.0101,0.22491999999999998,0.10917847222222223,0.05021262262448054,0.23501999999999998
2025-03-29,95.89655555780953,21.474656472560845,4.130310363513747,-0.0434,0.23346,0.05913489583333334,0.0654127371265438,0.27686
2025-03-30,24.43199969962802,59.24099949899998,0.0,-0.04111,0.07379999999999999,-0.008275868055555557,0.0181252894517785,0.11490999999999998
2025-03-31,93.05750360513038,66.42799999919988,0.1289019267482646,-0.0721,0.09597,-0.005265069444444445,0.03305417326193478,0.16807
2025-04-01,102.71236643259671,85.31400010020002,0.0,-0.027239999999999997,0.17259,0.04629333333333333,0.0624353980440572,0.19982999999999998
2025-04-02,165.77951202933772,115.86496097966999,19.10477270505908,-0.02019,0.29995,0.10771895833333334,0.07120554895789702,0.32014
2025-04-03,181.53862782880938,63.146294924925535,0.3310526403282314,-0.04229,0.23901,0.06547170138888889,0.0668022617830052,0.2813
2025-04-04,65.46538925402561,28.448128108379272,4.494423683454571,-0.02373,0.28249,0.08310684027777777,0.05793630634084637,0.30622000000000005
2025-04-05,41.482790170295665,83.6973846177834,0.2340887373529965,-0.05001,0.25577,0.05026902777777778,0.07759147203687658,0.30578
2025-04-06,44.81720533091812,37.02099996659998,0.0,-0.05947,0.16636,0.0473552,0.06714876960768593,0.22583
2025-04-07,61.47466723038134,75.36539729081112,11.208098448207247,-0.0254,0.29929,0.09811583333333333,0.09192915406576624,0.32469
2025-04-08,163.32470625429073,25.355242210872685,5.1114309421643345,0.0,0.49997,0.13333125,0.07682526988696868,0.49997
2025-04-09,94.38143368052344,71.97143636360927,12.816597460033126,0.01886,0.9839600000000001,0.14415305555555558,0.09787157078708504,0.9651000000000001
2025-04-10,179.9658402122971,58.30094183518941,0.5090838142773055,-0.03028,0.32533,0.07713527777777779,0.06734397621411103,0.35561
2025-04-11,85.94690935538515,47.48799996669999,-0.09722636777948157,1e-05,0.20501,0.09696972222222222,0.04176223610371577,0.205
2025-04-12,43.59266686674797,72.68426796904457,0.5697835978797436,-0.0177,0.29356,0.08339850694444445,0.07939715089057049,0.31126
2025-04-13,51.235334613504605,76.803999666,-0.00744084475726973,-0.048,0.22812000000000002,0.03988618055555556,0.07955762122804794,0.27612000000000003
2025-04-14,68.49800000054145,40.22689011179685,0.06302607213648839,-0.019989999999999997,0.267,0.07717975694444444,0.04783523372635494,0.28699
2025-04-15,125.30770758093186,63.94676937260294,0.6813695413834844,-0.02283,0.26533,0.08717454861111111,0.0594236735501328,0.28816
2025-04-16,140.00829942919356,63.36565309938471,6.034177192057594,-0.024,0.28732,0.09446979166666666,0.0643057046306163,0.31132000000000004
2025-04-17,119.67465219299203,44.057572981231075,5.945143103955297,2e-05,0.27719,0.12434565972222221,0.06869907812665138,0.27716999999999997
2025-04-18,155.5461544855469,69.62699999988003,0.8489851573859376,-0.03028,0.21116,0.07513895833333334,0.07305749919861107,0.24144
2025-04-19,33.199999432573215,47.72100030059997,0.0,-0.02665,0.14493,0.0324596875,0.0504785987036061,0.17158
2025-04-20,28.314999966480002,44.411999899919984,0.0,-0.06251,0.06825,0.001327326388888889,0.028811051574472203,0.13076
2025-04-21,85.12466643311987,72.86600023379995,0.0,-0.05021,0.09295,0.029221562500000003,0.04017950874061549,0.14316
2025-04-22,96.65599953237489,16.747000167000007,0.0,-0.02501,0.12658,0.04328680555555556,0.03664317805231836,0.15159
2025-04-23,140.68633356714645,59.76300030060002,0.0,-0.020829999999999998,0.17023,0.04355725694444444,0.05310021179288675,0.19105999999999998
2025-04-24,179.85500090153454,38.907999865799994,0.0,-0.05947,0.15722,0.05532197916666667,0.05783502227882858,0.21669
2025-04-25,77.28899986663995,19.11499983299999,0.0,1e-05,0.1509,0.08490795138888889,0.03908596511930765,0.15089
2025-04-26,64.97399989993205,7.7330002337999995,0.0,0.022949999999999998,0.14523,0.09794423611111111,0.0325707520852759,0.12228
2025-04-27,35.897999799216024,7.7309998998,0.0,-0.02299,0.17023,0.08073048611111111,0.046523876666839624,0.19322
2025-04-28,54.448666132572,31.1018063749913,1.8238911590276365,0.03605,0.22408,0.10684809027777778,0.03893021298554424,0.18803
2025-04-29,163.4395995271165,4.907333233100001,-0.05393178792461485,-0.01815,0.18896000000000002,0.08131420138888888,0.04681410748895227,0.20711000000000002
2025-04-30,154.30269957273535,37.64000023379999,-0.03129690797562303,-0.048,0.22412,0.05546246527777778,0.058152954097000505,0.27212000000000003
2025-05-01,153.3444379784976,52.64122562210359,1.7676233943558113,-0.02233,0.25958,0.0855028125,0.0643590070102972,0.28191
2025-05-02,172.9831853068571,113.6929219627034,20.203322681539152,0.0,0.30151,0.10410034722222222,0.06785411045106625,0.30151
2025-05-03,134.75446457660402,39.17699979960002,-0.4496603994210239,-0.02861,0.11778,0.011871041666666667,0.035623688478211825,0.14639
2025-05-04,35.597000433826814,41.22200013360001,0.0,-0.05011,0.09304000000000001,-0.008591041666666667,0.02154704501171643,0.14315
2025-05-05,126.43399302600554,25.556999899799987,-1.0465972569897394e-06,-0.05947,0.11127,-0.009303194444444446,0.027503189999402693,0.17074
2025-05-06,115.80647241264451,26.50099983299999,0.0,-0.05021,0.08748,-0.0034833333333333335,0.02318923159617209,0.13769
2025-05-07,190.65566650005053,3.9160000668,0.0,-0.044,0.10448,0.006818784722222222,0.03162447562880213,0.14848
2025-05-08,46.22366643250651,71.85827245278018,12.95758811838665,-0.01614,0.28185000000000004,0.07689708333333334,0.06483373464147328,0.29799000000000003
2025-05-09,143.87999949846582,15.23411149515469,3.6931543723295475,2e-05,0.28267000000000003,0.10383652777777778,0.05009397797157507,0.28265
2025-05-10,150.1156858125895,19.21826997703,0.5961445928274314,-0.0195,0.19036,0.08789975694444445,0.06009087543954195,0.20986
2025-05-11,33.29755919691477,24.65900023379999,0.0,-0.0195,0.18580000000000002,0.07267642361111111,0.05222115693962181,0.2053
2025-05-12,81.2333337342534,13.192999933200005,0.0,0.02001,0.22945,0.11707836805555555,0.04484629946134085,0.20944
2025-05-13,155.77901409271524,20.349656555431594,5.910532501846882,-0.05947,0.2995,0.10960829861111111,0.0631057041510379,0.35897
2025-05-14,169.9319006623271,11.752770550111336,3.254176035905554,-0.02001,0.29489,0.11495305555555554,0.05278492456198383,0.31489999999999996
2025-05-15,149.9164995889402,8.048897124358913,2.272709106618775,0.08255,0.28637999999999997,0.13866642361111112,0.03852061226661438,0.20382999999999996
2025-05-16,168.61490894367262,16.59911828439121,4.734986872283656,-0.0169,0.29092,0.13948229166666667,0.04146435181435998,0.30782
2025-05-17,95.87366320863276,0.5189998998,-0.7701569599277833,-0.06295,0.22455,0.08740864583333334,0.05085641276246062,0.2875
2025-05-18,38.456823031860715,17.073292735988925,1.7914879203498555,-0.05011,0.29672000000000004,0.042253437500000005,0.06351122585336216,0.34683
2025-05-19,117.41675385815289,12.302684406252613,3.7314276008422276,0.0,0.3604,0.09879180555555556,0.07125212318766028,0.3604
2025-05-20,208.78913119932383,14.396016692775207,8.738739203976621,-0.01391,0.9040900000000001,0.12941788194444445,0.10716163990080554,0.918
2025-05-21,175.81866666784794,13.321312169073618,7.670334943118226,0.08023999999999999,0.66423,0.17859333333333333,0.08981403235776896,0.58399
2025-05-22,163.9386664995227,0.10503221201218843,0.029328144560163378,0.06085,0.27923000000000003,0.1360448611111111,0.03252798606327417,0.21838000000000002
2025-05-23,161.2684328861212,0.0,0.0,0.06861,0.23945,0.13207159722222223,0.028706184528644797,0.17084
2025-05-24,156.7353263417206,0.8199999665999997,-0.9753849607310868,-0.02813,0.082,0.008390902777777778,0.026334301419211822,0.11013
2025-05-25,43.39500020028115,2.7900001002000003,0.0,-0.044,0.12353,0.018465104166666666,0.03723274139846352,0.16753
2025-05-26,138.10000046870394,0.0,0.047699506708055575,-0.05021,0.11078,-0.0034430555555555555,0.02835371154849573,0.16099
2025-05-27,141.18266641184147,0.39700006680000005,0.0,-0.02,0.15512,0.03272642361111111,0.045313124757824695,0.17512
2025-05-28,157.46933333320115,4.023628237088417,0.5746770031924402,-0.01643,0.22337,0.07298576388888889,0.05724798042576764,0.2398
2025-05-29,159.52669828575063,11.776167356279432,2.9367188785710217,-0.04491,0.27082,0.09599656250000001,0.04808850414599695,0.31573
2025-05-30,166.25689997975212,2.8377616332513242,0.6241863099608936,0.06484999999999999,0.22797,0.11639388888888888,0.036418179375210864,0.16312000000000001
2025-05-31,70.47866666659202,11.910446453044091,3.1938638194757423,0.05018,0.27438999999999997,0.12513663194444444,0.04477407387544864,0.22420999999999996
2025-06-01,85.05997275458972,0.7230000001200003,-0.395995980872833,-0.01495,0.21212,0.06807354166666667,0.05794587406546563,0.22707
2025-06-02,90.3493329659092,1.3829996994,0.0,-0.02,0.2359,0.1115096875,0.056491934340634875,0.2559
2025-06-03,172.72035250052807,0.819405847816983,-0.07304770081851666,0.00868,0.24974000000000002,0.11037277777777778,0.051874799108054086,0.24106000000000002
2025-06-04,177.74143151947254,47.35677516543748,13.739721884347151,0.04119,0.29929,0.13163302083333334,0.06315750754924006,0.2581
2025-06-05,284.7945184667653,10.422291503697938,2.839710914981863,-0.02,0.40198,0.11640548611111111,0.060865536489601836,0.42198
2025-06-06,195.4899996686377,0.0,0.0,1e-05,0.18822999999999998,0.06865437499999999,0.05057897487355374,0.18821999999999997
2025-06-07,84.2116658994719,2.4517327790550043,0.19420723078571187,-0.01366,0.29083,0.06384909722222222,0.06367250073934323,0.30449
2025-06-08,96.36662867552478,0.0,-0.01898052291024802,-0.01366,0.21343,0.062390625,0.04417434157928576,0.22709000000000001
2025-06-09,71.16066619945984,5.5369249717056634,0.27171253034472387,0.02001,0.29929,0.1120064236111111,0.05238198938474513,0.27928
2025-06-10,168.35033339949064,22.55888377985372,6.89492310470329,0.11955,0.33299,0.1915545138888889,0.05320545093802863,0.21344000000000002
2025-06-11,188.16733353355383,41.3399214108848,337.22451838851305,0.14496,10.48613,0.6038360416666667,1.4483893403595605,10.34117
2025-06-12,199.2979990964243,45.98042963338073,534.9072936909992,0.11386,17.5,1.786179861111111,3.9382364965106857,17.38614
2025-06-13,223.7643039056396,0.0,-0.6635335958141422,0.08885,1.0055800000000001,0.2540943402777778,0.14284008180338637,0.9167300000000002
2025-06-14,298.44028150761096,1.0800003006,-4.307122850161826,-0.01748,0.23131000000000002,0.08519440972222223,0.05616485848437812,0.24879
2025-06-15,48.854999999254815,0.964000167,0.0,0.02001,0.30872000000000005,0.1355178472222222,0.04609165410275267,0.28871
2025-06-16,113.32366679825073,0.2930000334,0.0,-0.02,0.25307,0.06861534722222223,0.07375238181626675,0.27307000000000003
2025-06-17,194.91433276578567,0.025000066800000054,0.0,-0.013519999999999999,0.31842000000000004,0.1181373263888889,0.10141737336204366,0.33194
2025-06-18,152.7280000682202,32.24945885382409,91.13312511839204,0.12001,3.7589200000000003,0.3167277083333333,0.43045980121774025,3.63891
2025-06-19,169.43399963279865,0.4822187493614821,0.14259657718222435,0.09046,0.29822000000000004,0.16249725694444445,0.05147905535104726,0.20776000000000006
2025-06-20,213.17844349820314,0.1587433139505237,-1.0717773524007452,0.019190000000000002,0.29929,0.13844711805555557,0.05673793347005964,0.2801
2025-06-21,162.23848925111966,0.08042932302834445,-1.75406501320738,0.019190000000000002,0.29938,0.10229284722222222,0.04922259873989066,0.28019
2025-06-22,72.63900080049477,0.0,0.0,-0.02199,0.17232,0.039548159722222226,0.04952003731024291,0.19431
2025-06-23,94.12299966613192,0.0,0.0,-0.05988,0.12164,0.010973541666666666,0.03134684808675136,0.18152000000000001
2025-06-24,216.66954223927166,11.96778852711031,4.038710615499975,-0.019989999999999997,0.3795,0.037942500000000004,0.0738745127176369,0.39949
2025-06-25,244.17466663195714,5.571435665680167,1.4890413219885277,-0.01366,0.29539,0.08660479166666667,0.08658043933370729,0.30905
2025-06-26,61.583999833074046,114.59915110806024,1390.9525135299655,0.17179,15.97434,2.048727951388889,3.9131356197871554,15.80255
2025-06-27,171.42776648015194,1.5635033769501117,3.7060064737011045,0.15944999999999998,3.70912,0.3154995138888889,0.37741043865074836,3.54967
2025-06-28,86.13599939845209,0.0,0.0,0.05551,0.31005,0.19236159722222224,0.05440118372947609,0.25454
2025-06-29,40.44799993342679,0.0,0.0,0.09774,0.28031,0.18824440972222223,0.038774427773053094,0.18257
2025-06-30,133.63250869845552,0.0,-1.878388085397263,0.051789999999999996,0.38872,0.21024208333333333,0.06383933880390574,0.33693
2025-07-01,231.125922144317,0.0,-6.978254286340319,0.07972,0.38872,0.1924707986111111,0.056058526550486244,0.309
2025-07-02,332.973935210971,0.0,-10.690822303324104,0.07297,0.29522000000000004,0.17617284722222223,0.05066101320997143,0.22225000000000006
2025-07-03,199.63964510687873,0.8583372952872743,0.12868170238122406,0.00895,0.36007,0.1848871875,0.07751269582470666,0.35112
2025-07-04,230.28059638133263,0.0,-0.2401276590544712,-0.019989999999999997,0.27638,0.10835340277777777,0.08275393329737044,0.29637
2025-07-05,97.72299986896924,0.0,0.0,-0.03404,0.16078,0.020703368055555556,0.036964973025513694,0.19482
2025-07-06,65.23699973354401,1.9149999666000004,0.0,0.00895,0.27082,0.09106666666666667,0.06751947199332829,0.26187
2025-07-07,113.5609754505293,0.09614466471310773,0.0029369539094080306,-2.9999999999999997e-05,0.2862,0.10525715277777778,0.063051938196474,0.28623
2025-07-08,244.0156666323183,0.0,0.0,-0.05058,0.20501,0.026106458333333332,0.04552664558797442,0.25559
2025-07-09,181.26765471559514,23.764371037641197,8.21059989507636,-0.039509999999999997,0.36379,0.05336916666666666,0.07851412361903749,0.4033
2025-07-10,193.96168320405985,0.3350000333999999,-0.05547523433434211,-0.0165,0.16369999999999998,0.04900677083333333,0.04462743298970304,0.18019999999999997
2025-07-11,160.65366706711873,0.41100010019999994,0.0,-0.005059999999999999,0.17618,0.061741215277777775,0.051537255590969944,0.18124
2025-07-12,108.3732857899004,3.1065238927483465,0.6250356132877286,-0.01719,0.28324,0.0794971875,0.06606760679540345,0.30043
2025-07-13,39.27099976669202,5.99899993332,0.0,-0.020989999999999998,0.10662,0.004339548611111111,0.02748010194543366,0.12761
2025-07-14,117.89483929511842,0.9839186993767437,0.21350860547485162,1e-05,0.22336,0.09011604166666667,0.06341503934900533,0.22335
2025-07-15,189.8846442397483,2.0689835431746335,0.4217884289302335,1e-05,0.24889,0.09980704861111112,0.055180793267353034,0.24888
2025-07-16,197.04487610529503,10.72208816105775,2.6000957429778415,0.0,0.26905,0.08824059027777778,0.07383790936862379,0.26905
2025-07-17,173.967833434796,29.400959814522018,7.739966147864078,-0.014,0.29929,0.08716315972222222,0.08588206607062832,0.31329
2025-07-18,269.35807225593936,29.670138534206437,7.724940135632197,0.0,0.3003,0.11217281250000001,0.07555062288883888,0.3003
2025-07-19,91.82900033447885,0.6749999999999998,0.0,-0.020989999999999998,0.20761000000000002,0.04092902777777777,0.06828752362893276,0.22860000000000003
2025-07-20,44.52026561547435,14.078406271470877,1.8799856765129814,-0.013789999999999998,0.29718,0.07773965277777778,0.05827552307893014,0.31097
2025-07-21,114.70099989953606,0.5290000668,0.0,-0.15763,0.19919,0.011875416666666666,0.037496204525695034,0.35682
2025-07-22,259.71195068882173,8.013055526398055,2.955079363239335,-0.06487000000000001,0.3347,0.01071142361111111,0.04507226644507558,0.39957
2025-07-23,125.24400013789183,22.210334669145812,5.713344147143958,-0.014,0.28854,0.0708279513888889,0.08121209219988086,0.30254000000000003
2025-07-24,256.8426400970614,14.315608080724568,3.2752996958968237,-0.020649999999999998,0.26921,0.06280100694444445,0.07183345291379993,0.28986
2025-07-25,199.635130157928,3.6999505614106387,4.8623866666689395,-0.46893,0.27438999999999997,0.0458796875,0.06018146811751978,0.74332
2025-07-26,112.02499953334917,0.0,0.0,-0.012,0.13683,0.05629413194444445,0.04226125813689816,0.14883000000000002
2025-07-27,52.07400020029197,10.600999833,0.0,-0.014,0.07475,0.03643864583333333,0.023932751222679616,0.08875
2025-07-28,85.55633269918403,12.853569365267452,2.2286233614883746,-0.012,0.24894,0.07062833333333333,0.07472697683966494,0.26094
2025-07-29,117.23566699944001,91.91666360827249,29.747548536888345,0.04819,0.40648,0.19718659722222223,0.08356022728666779,0.35829
2025-07-30,160.98999973308014,3.515457974565836,0.9615819381107804,0.02644,0.2995,0.12269663194444444,0.05214977564445031,0.27305999999999997
2025-07-31,344.95968449694186,2.5015105841312453,-0.6701186946721671,0.00035,0.28411000000000003,0.1115689236111111,0.0845771176203691,0.28376
2025-08-01,168.87903258799884,4.953002159438122,1.6428926711303249,0.05138,0.36836,0.15278284722222224,0.06292539272586863,0.31698000000000004
2025-08-02,101.77445890151817,9.91775005052988,-0.8274457880254266,0.00107,0.24112999999999998,0.10857524305555556,0.06452312641564596,0.24006
2025-08-03,57.199999933812,27.231000300599998,0.0,-0.01598,0.24217,0.04501263888888889,0.04692853600919919,0.25815
2025-08-04,126.91524971264616,2.0289997662000006,0.42059905557825267,-0.05106,0.17087,0.01891545138888889,0.038805572166306514,0.22193
2025-08-05,132.25840699199452,12.701282095892815,0.048117794733983046,-0.020989999999999998,0.24453999999999998,0.0318703125,0.06181495414823178,0.26553
2025-08-06,144.78198369993424,35.3757328510356,8.279574227764732,-0.013179999999999999,0.34551,0.10354940972222222,0.11191003770917278,0.35869
2025-08-07,118.16133319989342,29.127519278439426,10.97249053141594,0.05608,0.4608,0.1837871875,0.06934158986563291,0.40471999999999997
2025-08-08,140.23819974010414,0.0,0.0,0.03413,0.2335,0.10728677083333332,0.03904728156415103,0.19937000000000002
2025-08-09,109.05466690023992,0.0,-0.18567586682550496,0.0,0.23997,0.08634482638888889,0.04440129511213901,0.23997
2025-08-10,41.12513012609523,53.662204505542455,-0.08590242307764696,0.0,0.19309,0.08899270833333334,0.04784163333068163,0.19309
2025-08-11,80.47433339904396,42.27720909197868,0.0362239782625122,-0.00248,0.27399,0.0837589236111111,0.055040619323299775,0.27647
2025-08-12,181.96989757449464,1.8959328310817867,-1.4006110086288737,0.0178,0.28901,0.12765739583333333,0.0735014301301259,0.27121
2025-08-13,119.47174116133503,37.310422344707284,4.307652292459578,-0.009380000000000001,0.29733,0.17180256944444444,0.07453313194236522,0.30671
2025-08-14,161.73950377148964,42.3413334336,-0.40156167267260423,-0.019989999999999997,0.24196,0.08589017361111112,0.07488677581493154,0.26195
2025-08-15,180.37961367840074,0.34470914725983826,0.9622378692431784,-0.99998,0.26773,0.05612319444444444,0.09370115706731162,1.2677100000000001
2025-08-16,68.01559047427138,38.09626542138142,0.48599559023377475,-0.0129,0.28605,0.08478350694444443,0.07387347323591353,0.29895000000000005
2025-08-17,34.9146666334292,54.468251661046224,3.3917502487829085,0.010490000000000001,0.298,0.11669774305555555,0.06497645272310038,0.28751
2025-08-18,77.16632844967147,46.33348749965384,31.22976751422184,0.019,0.97987,0.23385652777777777,0.16800468633466864,0.96087
2025-08-19,114.93263899061309,31.798435379099644,18.70012796792608,0.01918,0.86938,0.20792878472222223,0.15979477357187655,0.8502000000000001
2025-08-20,114.34949370045014,0.35604248179049136,-0.03288861847538416,-0.011,0.29810000000000003,0.11845927083333334,0.07023679860204102,0.30910000000000004
2025-08-21,169.61655661905615,18.349113478986467,-1.2151352857666184,-0.0024300000000000003,0.48901,0.11913350694444445,0.09101032230689073,0.49144
2025-08-22,140.9621373847378,23.57899993319999,-0.72115934184873,0.0,0.21034,0.0817059375,0.05290313124272776,0.21034
2025-08-23,43.146999699632,64.83517771101377,0.05847660281943616,-0.011,0.30883999999999995,0.10661631944444444,0.06362164740449637,0.31983999999999996
2025-08-24,30.38597511189269,79.61200016699999,-0.01823198446515934,0.0,0.18343,0.08906621527777778,0.057146324264253166,0.18343
2025-08-25,65.08300026430794,22.921000166999995,0.0,-0.03658,0.22623,0.06733333333333333,0.061725125882065184,0.26281
2025-08-26,174.2777970148369,0.25948361946729936,0.044425153149820776,-0.020989999999999998,0.25762999999999997,0.04808756944444445,0.057405210167288494,0.27862
2025-08-27,146.59800016651988,6.299000133599999,0.0,-0.01497,0.12549,0.02433017361111111,0.04131180954622651,0.14046
2025-08-28,148.2140005014427,25.278000400800007,0.0,-0.0221,0.13511,0.021477256944444446,0.047197690751879566,0.15721000000000002
2025-08-29,162.49765701467695,28.2282572012556,4.656507602845492,-0.02912,0.35821,0.02679677083333333,0.05690762464902824,0.38732999999999995
2025-08-30,61.793000335320016,28.483999833000006,0.0,-0.02128,0.12549,0.02567295138888889,0.05023075158553577,0.14676999999999998
2025-08-31,25.07199976596,38.28999916499999,0.0,-0.014369999999999999,0.16266,0.06467638888888888,0.05363978296498937,0.17703
2025-09-01,39.065333099753325,182.54943828684273,86.62373458571223,0.00526,0.6239199999999999,0.20427569444444446,0.17314759553811607,0.6186599999999999
2025-09-02,314.1859870011363,14.074526345697087,2.9540492864026633,-0.05803,0.2995,0.09118770833333334,0.0937070189080806,0.35753
2025-09-03,103.38423290848122,33.2570001336,0.0,-0.019989999999999997,0.15897,0.032016666666666665,0.05117301341275652,0.17896
2025-09-04,139.92366716792003,15.259220010692466,0.3370245842433003,-0.019989999999999997,0.27082,0.06234989583333333,0.07500639860967391,0.29081
2025-09-05,130.59619772732225,85.76965202431822,0.3652853468270204,-0.01307,0.2995,0.09719791666666666,0.06507855605086445,0.31257
2025-09-06,58.851659800333245,71.54600063460003,-0.003621607387925531,-0.02357,0.11241,0.015329826388888891,0.036225501696187525,0.13598
2025-09-07,38.764999733028034,20.859000300599998,0.0,-0.06295,0.06784,-0.0004990277777777779,0.03201368299185614,0.13079000000000002
2025-09-08,94.35633390038934,65.30000053439997,0.0,-0.03178,0.14574,0.032671493055555556,0.04453161184106988,0.17752
2025-09-09,68.32366656646678,90.2084037174543,16.229000520681584,-0.01,0.32327,0.1053323611111111,0.07263276101117233,0.33327
2025-09-10,136.39990474136553,40.85372865189377,12.15910086364919,0.02063,0.32186000000000003,0.13237555555555555,0.057728308550074915,0.30123000000000005
2025-09-11,193.00918019467053,39.407321497904434,5.125999826399951,-0.01208,0.28269,0.09977069444444445,0.07728319309788234,0.29477
2025-09-12,149.56966222055345,30.011312627337674,0.289744237034398,0.0,0.28851,0.10953680555555556,0.0650787857195844,0.28851
2025-09-13,35.24629709403422,51.20021532551786,3.6859894202950296,-0.0129,0.2995,0.11419732638888888,0.09132661565487486,0.3124
2025-09-14,39.56292546159057,117.12099986639997,-0.1321271586352855,-0.07818000000000001,0.09884,-0.009884479166666668,0.04340308388832509,0.17702
2025-09-15,61.93533383436666,71.74199939879999,-0.029269355407093238,-0.03151,0.14318,0.0025250694444444444,0.03532498369661185,0.17469
2025-09-16,131.45816722728975,11.331999866400002,0.0,-0.019989999999999997,0.17163,0.0241321875,0.040041906790003835,0.19162
2025-09-17,96.7719996663586,94.27694895309364,10.350478437582636,-0.01921,0.40255,0.05988788194444445,0.10132350441563967,0.42176
2025-09-18,191.40208629441207,85.70992933711841,0.16837437585869158,-0.06251,0.25792000000000004,0.035122986111111115,0.06312365461172126,0.32043000000000005
2025-09-19,91.33933283256142,56.76700016699999,0.0,-0.02128,0.07941,0.003679409722222222,0.02139866051358808,0.10069
2025-09-20,38.39999979996,50.01300040080002,0.0,-0.02019,0.0803,0.014080034722222221,0.03340620560868179,0.10049
2025-09-21,32.234000433827994,3.4069996327200003,0.0,-0.012,0.0828,0.01971739583333333,0.029416641296734564,0.0948
2025-09-22,59.542333132786794,74.51751797052042,0.5385967826615257,-0.01325,0.25606,0.0480378125,0.06663591338788637,0.26931
2025-09-23,110.85699953289344,36.426931282407004,0.7376591333027127,-0.01069,0.22797,0.07776763888888888,0.05347551544302326,0.23866
2025-09-24,131.39031861954265,74.75559582180118,12.09389660183335,-0.01,0.27928,0.06618444444444443,0.06970208639969659,0.28928
2025-09-25,201.90688510616198,5.938999732799998,0.32947884505705877,-0.011,0.16609000000000002,0.03418784722222222,0.05012628179963797,0.17709000000000003
2025-09-26,115.29100023379996,26.349000300599997,0.0,-0.05022,0.09809,0.009066631944444445,0.03497155085856092,0.14831
2025-09-27,31.945000067040016,93.70800040080003,0.0,-0.06295,0.08491,0.017810902777777776,0.04308230659264231,0.14786
2025-09-28,25.437333433446604,103.34442983065222,0.8354505250582639,-0.02053,0.2323,0.06087340277777778,0.06742333291843586,0.25283
2025-09-29,51.92499597890757,114.11141268230658,4.501758122257198,-0.06295,0.29929,0.0570428125,0.0739803628813909,0.36224
2025-09-30,158.75534660485366,11.7539998998,-0.007206534285571858,-0.020989999999999998,0.16505,0.042561944444444444,0.047646391321505756,0.18604
2025-10-01,113.47199956605212,35.906999899800006,0.0,-0.02653,0.06758,-0.004994652777777778,0.014065965666207178,0.09411
2025-10-02,164.5693338014013,9.645000100200003,0.0,-0.02128,0.10955,0.008956770833333332,0.03335076176704325,0.13083
2025-10-03,94.4533331000455,61.01258102192882,6.781011008765778,-0.019989999999999997,0.29834,0.04641204861111112,0.07900546511532111,0.31833
2025-10-04,63.15390432341739,117.3183331328,0.1364369486570188,-0.06631000000000001,0.14634,0.029652847222222223,0.06459208599394937,0.21265
2025-10-05,29.420000033146785,24.051999666,0.0,-0.05011,0.04056,-0.015188804347826086,0.012336406328857357,0.09067
2025-10-06,102.66489987654008,46.45072221933318,0.07592140356709128,-0.013,0.1657,0.048062951388888886,0.05727405465439932,0.1787
2025-10-07,79.64183834436984,102.00853233433672,2.7238704486375065,-0.06631000000000001,0.27656000000000003,0.06942059027777778,0.08528132033807323,0.34287
2025-10-08,142.04036667957203,65.59899986639999,-0.0026207196240000128,-0.05022,0.15449000000000002,0.02962892361111111,0.04401645497530948,0.20471
2025-10-09,112.35900006705215,90.72699996659999,0.0,-0.06295,0.08643,-0.0010332638888888887,0.03317197083744384,0.14938
2025-10-10,74.85633299968134,55.573999833000016,0.0,-0.08170999999999999,0.0,-0.025156840277777776,0.023510895111332364,0.08170999999999999
2025-10-11,30.271000066680013,94.63600026720002,0.0,-0.04854,0.12549,0.006826979166666667,0.03707834939663116,0.17403
2025-10-12,32.9810003337588,59.96899943232,0.0,-0.05022,0.15987,0.031294236111111116,0.04845857594574669,0.21009
2025-10-13,76.12723184305807,125.60698849660216,11.438341115515854,-0.023059999999999997,0.30725,0.08818784722222223,0.07588520572294845,0.33031
2025-10-14,167.95020407317085,84.3623819260713,0.02683297750272029,-0.027399999999999997,0.19812000000000002,0.060796249999999996,0.06929716745471914,0.22552000000000003
2025-10-15,82.65586709830006,161.25170681079572,10.442863548534211,-0.01814,0.29932,0.1004921875,0.0924158951349571,0.31745999999999996
2025-10-16,180.02351314273284,78.1319650911215,2.7376565651668736,-0.03066,0.31853,0.03456451388888889,0.06563478172878441,0.34919
2025-10-17,105.92657582865507,76.40199986639999,0.0,-0.11062000000000001,0.14959,0.04658902777777778,0.05517727764568918,0.26021
2025-10-18,32.24799976669319,124.92899979959999,0.0,-0.06154,0.21719,0.041609062499999995,0.05184436329764537,0.27873
2025-10-19,30.65600033364,22.71899919839999,0.0,-0.0585,0.15897,0.022254826388888888,0.05881286324348257,0.21747
2025-10-20,135.25667021086534,27.650666345336255,12.162273574013607,0.0,0.54859,0.12846489583333331,0.06743529226743726,0.54859
2025-10-21,112.33117778238918,51.370253875393516,6.379874722088086,-0.0065,0.55089,0.1447107986111111,0.08452651194336136,0.5573899999999999
2025-10-22,137.57000040018684,31.626000100200002,0.0,-0.07798000000000001,0.10659,0.01013826388888889,0.03740293629737258,0.18457
2025-10-23,114.8726667667359,67.29993711344204,0.02925899791239373,-0.009710000000000002,0.24888,0.1036321875,0.06108070278483592,0.25859
2025-10-24,27.582250523734338,46.79303599115748,0.07485605546674733,-0.01272,0.26698,0.09304975694444445,0.07300388378010475,0.2797
2025-10-25,29.4589999335852,31.012000166999997,0.0,0.0,0.22797,0.09619267361111111,0.05600470104214396,0.22797
2025-10-26,31.940000033002782,26.24800006680001,0.0,-0.08198,0.11667,0.013150555555555556,0.0315241795540248,0.19865
2025-10-27,107.14300060069603,66.83000053439999,0.0,-0.019989999999999997,0.12978,0.0067473958333333335,0.029152469080224265,0.14977000000000001
2025-10-28,133.47266700055994,127.76399909400004,0.0,-0.07044,0.21356,0.05534097222222222,0.0734424640225229,0.28400000000000003
2025-10-29,69.97741223813085,126.75672493847128,9.024872296914863,-0.02078,0.2995,0.12117222222222221,0.09084521435963482,0.32028
2025-10-30,115.62282893604205,113.62449362499615,3.2794055606732573,-0.024030000000000003,0.27807,0.10100454861111112,0.08774132111584836,0.3021
2025-10-31,137.81300610002228,16.08170260467247,0.10308441830045628,-0.01035,0.27098,0.10006729166666667,0.05800219404379222,0.28133
2025-11-01,31.86870675036065,142.18100013228005,-0.007449362553724841,-0.06904,0.14715999999999999,0.04708357638888889,0.0606487494152334,0.2162
2025-11-02,27.130999733171997,143.11600016700007,0.0,-0.06295,0.11869,0.013455451388888888,0.05334407803233251,0.18164000000000002
2025-11-03,133.87290005050926,3.597018912249366,0.15277184702957614,-0.013720000000000001,0.25086,0.07223020833333332,0.046319346918012,0.26458000000000004
2025-11-04,70.37192672927388,63.496481837249135,0.3068773718924487,-0.020989999999999998,0.23748,0.029839131944444444,0.0637440815885787,0.25847
2025-11-05,129.0060004334429,83.40300010020002,0.0,-0.03304,0.16222,0.025627569444444446,0.06261410700046394,0.19526
2025-11-06,64.95578685049516,115.12257445178955,2.149419530593328,-0.01993,0.26815,0.06711847222222223,0.06827577459292594,0.28808
2025-11-07,132.71899989968,10.309999732799998,0.0,-0.0188,0.13945,0.015698749999999997,0.035317665603187,0.15825
2025-11-08,54.991000567644,7.133999799599998,0.0,-0.08515,0.06784,-0.0011217013888888889,0.025229443577447244,0.15299000000000001
2025-11-09,21.96100013358801,100.50732443006262,0.017203564332174008,-0.03555,0.17148,0.030940243055555556,0.055191964492487686,0.20703
2025-11-10,54.71658282069769,20.251000868399995,0.0,-0.01251,0.18345,0.07445423611111111,0.06487101336517104,0.19596
2025-11-11,163.12400560075613,85.88953845117535,2.275570217723917,-0.03889,0.29810000000000003,0.04012649305555556,0.05392389942106815,0.33699
2025-11-12,94.47500026701341,35.57715002780334,0.11529821755490952,-0.03489,0.21872,0.027757916666666667,0.061034709806957486,0.25361
2025-11-13,166.10175893433117,111.82400033400005,-0.006767026987989013,-0.03359,0.13391,0.0231890625,0.050093800010245416,0.1675
2025-11-14,33.24099956654397,146.4760008708,0.0,-0.06173,0.14155,0.05806149305555556,0.056122166043876084,0.20328000000000002
2025-11-15,31.525999732668005,113.12700060108003,0.0,-0.02459,0.17796,0.051539201388888886,0.05232796530554701,0.20255
2025-11-16,28.2489997664028,60.46999993320001,0.0,-0.05011,0.08632,-0.0006216319444444442,0.03520933305618379,0.13643
2025-11-17,116.8380000669068,33.303999666,0.0,-0.019989999999999997,0.01271,-0.006431215277777778,0.00697785143959628,0.0327
2025-11-18,113.51799983286806,33.67500020040001,0.0,-0.05946,0.11231000000000001,0.01597232638888889,0.03905406493502114,0.17177
2025-11-19,109.68200009994806,90.19500030060001,0.0,-0.06631000000000001,0.11691,0.0246759375,0.04786458427365121,0.18322
2025-11-20,82.87333313280014,118.05800013119993,0.0,-0.06295,0.092,0.022967083333333332,0.04364163893924169,0.15495
2025-11-21,53.183667000691884,122.79799993199995,0.0,-0.2093,0.07356,-0.004401805555555556,0.04251548563382322,0.28286
2025-11-22,31.7936538466766,105.45035250643716,7.612045132635659,-0.00965,0.24925999999999998,0.07496246527777778,0.061001831267127084,0.25891
2025-11-23,92.33254800930945,47.700995225823476,6.041680646853755,-0.0255,0.29317000000000004,0.0734296875,0.07631376932834996,0.31867000000000006
2025-11-24,68.08766666630783,100.17000010020008,0.0,-0.02187,0.14244,0.02990236111111111,0.0454774472189849,0.16431
2025-11-25,83.60700013358922,103.70999939639998,0.0,-0.16399,0.16501,0.01890829861111111,0.06539804546585262,0.32899999999999996
2025-11-26,175.68533333297322,73.96900026720002,0.0,-0.06547,0.10311,-0.0074009374999999995,0.032143612901127695,0.16858
2025-11-27,88.76900026693603,65.55099926520003,0.0,-0.06631000000000001,0.17631,0.030698680555555555,0.066139829384461,0.24262
2025-11-28,57.29502819965625,79.85789255413866,0.25366360105621644,-0.01751,0.2284,0.06721975694444444,0.06488479622742004,0.24591
2025-11-29,36.66200003340002,60.266000233800035,0.0,-0.04382,0.12729000000000001,0.03345600694444444,0.05120515204737773,0.17111
2025-11-30,20.650999532651998,82.41199953276003,0.0,-0.05946,0.10101,0.008643680555555555,0.03602425925260635,0.16047
2025-12-01,110.03199933237207,79.73699929620007,0.0,-0.054079999999999996,0.10964,0.012989479166666667,0.04295341271875517,0.16372
2025-12-02,82.12966629949463,96.32099979959997,0.0,-0.02072,0.14543999999999999,0.05854604166666667,0.058387529630330774,0.16615999999999997
2025-12-03,63.82533329954813,133.55000023740013,0.0,-0.047270000000000006,0.18311000000000002,0.043158888888888886,0.06644481297201885,0.23038000000000003
2025-12-04,157.10066603255862,35.32800050100001,0.0,-0.0171,0.15769,0.02865635416666666,0.056573380514415364,0.17479
2025-12-05,62.71233350020134,80.52600070139991,0.0,-0.00865,0.18231999999999998,0.07773381944444444,0.05960781573635517,0.19096999999999997
2025-12-06,46.65991138128039,12.38608789746363,1.7298320832678196,-0.014039999999999999,0.22438,0.024588715277777777,0.040153070646164336,0.23842
2025-12-07,19.63900006715999,166.6030000693201,0.0,-0.08002,0.11711,0.009739826388888888,0.05343993642582516,0.19713
2025-12-08,107.74659927224015,85.57199989980006,0.0014425604916479503,-0.0269,0.11869,0.024905034722222223,0.04264844855863719,0.14559
2025-12-09,71.07600013371997,88.01099999826596,0.0,-0.01738,0.11623,0.04310666666666666,0.04477686267104943,0.13361
2025-12-10,70.81366666666675,64.09499929872001,0.0,0.0,0.15686000000000003,0.05336006944444444,0.03525808078472706,0.15686000000000003
2025-12-11,122.97466613213476,151.29699976740002,0.0,-0.05946,0.11887,0.018673854166666667,0.04586817116703722,0.17833
2025-12-12,69.96266676601469,99.57799963200004,0.0,-0.01719,0.17022,0.05964895833333333,0.05488387787391753,0.18741000000000002
2025-12-13,37.74833259913321,71.88392250584214,2.3231010016806204,-0.01,0.31149,0.06129746527777778,0.04156356242464499,0.32149
2025-12-14,25.644999766319984,84.766999833,0.0,-0.10873000000000001,0.08647,-0.0023595486111111113,0.04696632308342567,0.1952
2025-12-15,114.48691083720591,91.65133379980003,0.06666261573461899,-0.05999,0.09643,0.018481805555555553,0.03972529087002012,0.15642
2025-12-16,106.85700010016802,114.61999963140002,-0.000295350000894952,-0.04632,0.09523999999999999,0.03611,0.038297798956050316,0.14156
2025-12-17,63.31166720071467,130.6503291967046,1.754994118051274,-0.01654,0.22513999999999998,0.08560350694444445,0.06352107715052006,0.24167999999999998
2025-12-18,90.29969852206231,164.50256168271787,13.818819202493751,-0.0037,0.32426,0.1115023611111111,0.08290388727146222,0.32796
2025-12-19,151.98634674500943,3.244625575742099,0.7926514674754418,0.00524,0.27969,0.10457100694444445,0.03554102383078909,0.27444999999999997
2025-12-20,93.47276397880796,52.33100090200001,-0.22277777685000644,-0.01251,0.15131999999999998,0.06789934027777778,0.050337669208805225,0.16382999999999998
2025-12-21,38.90007730752154,17.03797015760937,0.15448867740004282,-0.11076000000000001,0.24862,0.0402121875,0.04518685640827741,0.35938000000000003
2025-12-22,74.91323336662,65.67500010009998,0.08008032658478806,-0.05999,0.10565000000000001,0.025907326388888888,0.04275621774948682,0.16564
2025-12-23,139.82933369392467,111.84400016580001,-0.002040600000298469,-0.13136,0.07465000000000001,-0.01896152777777778,0.04036977794312135,0.20601000000000003
2025-12-24,111.36033326678663,36.2399995992,0.0,-0.06295,0.022350000000000002,-0.015117326388888888,0.025514779828385903,0.08530000000000001
2025-12-25,101.04899996660002,166.76400020508004,0.0,-0.2536,-0.00215,-0.05776871527777778,0.07156971888592226,0.25145
2025-12-26,25.37600033337602,136.11100046628002,0.0,-0.20367,0.01014,-0.03970298611111111,0.048242505837168985,0.21381
2025-12-27,21.175999933919982,179.57699959800016,0.0,-0.20431,0.047009999999999996,-0.031217222222222223,0.05935538196797057,0.25132
2025-12-28,22.562999799972015,179.50799989619998,0.0,-0.08002,0.06451000000000001,0.0009134722222222223,0.037187218643108755,0.14453
2025-12-29,62.596333300184114,123.58900016579996,0.0,-0.01803,0.11467000000000001,0.025959826388888888,0.03410796819505439,0.1327
2025-12-30,86.77333323313344,38.78700000000002,0.0,-0.020370000000000003,0.07157,0.010770451388888888,0.02736525041832358,0.09194
2025-12-31,177.65633370051725,89.15000033400004,0.0,-0.07471,0.01291,-0.026756631944444446,0.02613789610237381,0.08762
2026-01-01,100.06466676687867,181.1339989945201,0.0,-0.16236,0.06445999999999999,-0.027766145833333332,0.05060277728609139,0.22682
2026-01-02,32.40233323301337,144.7859996052,0.0,-0.06114,0.08,0.011435451388888889,0.0396846598181545,0.14114
2026-01-03,29.615000133360002,68.0739997662,0.0,-0.01564,0.11053,0.03640211805555556,0.0393952106521526,0.12617
2026-01-04,20.614999833120013,154.00600036488004,0.0,-0.05001,0.08,0.014632743055555555,0.03608467480612875,0.13001000000000001
2026-01-05,103.71800020041202,152.8499994978,0.0,-0.039659999999999994,0.08247,0.0248646875,0.03361980346860847,0.12212999999999999
2026-01-06,24.12200006693397,141.49631509206517,2.6560184978721306,-0.00609,0.25930000000000003,0.06615472222222223,0.051155190164428176,0.26539
2026-01-07,116.57659490088486,122.81642390204664,34.77856295328549,-0.01719,1.39272,0.1303004513888889,0.20476805122609198,1.40991
2026-01-08,109.61883302342147,22.031777283998068,0.016804656365716885,0.01918,0.20601,0.09260930555555555,0.040663689555874724,0.18683
2026-01-09,145.96939337142877,52.84872306098126,10.821901244899795,-0.08002,0.95045,0.09860604166666667,0.15560994411995552,1.03047
2026-01-10,25.818000300479977,98.552000736,0.0,-0.08002,0.026690000000000002,-0.01807715277777778,0.027510158849935844,0.10671
2026-01-11,21.689999899932,138.80199976740008,0.0,-0.11120000000000001,0.029670000000000002,-0.01594253472222222,0.03550355456757236,0.14087
2026-01-12,102.78790813959647,115.79366709890017,0.0045241310489876905,-0.03347,0.07057,0.020647951388888888,0.02503341044775388,0.10404
2026-01-13,122.39980049721738,19.170333399400143,0.0,-0.0027,0.08165,0.045706145833333336,0.024744482088022025,0.08435
2026-01-14,112.20959993285216,72.32490087616364,0.014324550047718479,-0.01564,0.17603,0.038355729166666665,0.035758209195959505,0.19167
2026-01-15,118.67925948199084,48.14499966599997,-0.00019780286479518773,-0.01564,0.1258,0.01680576388888889,0.031555875902025875,0.14144
2026-01-16,31.41000020040001,107.38599966599998,0.0,-0.02869,0.01271,-0.006633055555555555,0.007097813745726797,0.0414
2026-01-17,28.543999933188015,147.32899913052003,0.0,-0.047689999999999996,0.055560000000000005,-0.005563472222222222,0.012915742565572123,0.10325000000000001
2026-01-18,24.287000133322806,161.54699950031986,0.0,-0.048670000000000005,0.06261,0.006623888888888889,0.026402394480448177,0.11128
2026-01-19,116.50700000022805,80.8319995992001,0.0,-0.014,0.09669,0.013405034722222223,0.02105801508456878,0.11069
2026-01-20,72.2476669000947,112.24199999999995,0.0,-0.0066,0.08907,0.04372722222222222,0.02723535924040528,0.09566999999999999
2026-01-21,147.54833319962552,86.42799986640006,0.0,-0.03631,0.09693,0.020149895833333334,0.03540973784335958,0.13324
2026-01-22,110.59399949888005,102.541999629,0.0,-0.047689999999999996,0.04947,0.0013977083333333333,0.01896688407709808,0.09716
2026-01-23,30.82999983275999,140.39299972920008,0.0,-0.00983,0.07322,0.02141590277777778,0.024163199519700248,0.08305
2026-01-24,31.956999866399983,124.22100050112007,0.0,-0.013949999999999999,0.14704,0.03602868055555555,0.049142995903146004,0.16099
2026-01-25,27.575999799971985,134.08441391800727,1.8321360225726817,-0.018170000000000002,0.18099,0.05183072916666667,0.04547475544072001,0.19916
2026-01-26,36.05835206163209,138.82228317877772,3.6294331298128544,-0.008,0.43738,0.051053645833333335,0.05721888552026112,0.44538
2026-01-27,107.88252227467953,71.92605001735906,34.580793272743975,0.00904,3.0260100000000003,0.15516545138888888,0.2960483344832701,3.01697
2026-01-28,136.6525958616924,93.45800023439998,-0.2662031993423473,5.9999999999999995e-05,0.17407,0.05612611111111111,0.040741069359542345,0.17401
2026-01-29,160.10733286610554,59.44499959679998,0.0,5.9999999999999995e-05,0.10045,0.04219809027777778,0.03327258402288234,0.10039
2026-01-30,84.9156669342267,81.40599956580003,0.0,0.054939999999999996,0.14196,0.09597225694444445,0.02157102344302984,0.08702000000000001
2026-01-31,42.38402825564873,45.24528169452459,0.2748246339650355,-0.0011,0.56417,0.07752246527777779,0.062161373274330974,0.5652699999999999
2026-02-01,23.9849998995228,83.10400036488012,0.0,-0.06,0.055560000000000005,-0.0012894097222222222,0.0282854156285712,0.11556
2026-02-02,102.93187739933089,126.58233330099999,0.013644065634297951,-0.039479999999999994,0.06738,0.012363784722222222,0.026843659544693296,0.10685999999999998
2026-02-03,48.70866690071861,127.21599956579999,0.0,-0.01542,0.13037,0.044671006944444445,0.04040617999649755,0.14579
2026-02-04,157.92466623311202,37.687176220802066,0.08029943963613473,-0.0065,0.22888,0.07999065972222223,0.05136455597359569,0.23538
2026-02-05,125.43344724819349,116.23696285682477,0.10296203741297721,-0.536,0.22794,0.07681961805555555,0.07073687619523907,0.7639400000000001
2026-02-06,42.131156121560714,131.5157407576253,3.3005164702712433,-0.71511,0.22994,0.07914979166666666,0.07381718878577805,0.9450500000000001
2026-02-07,25.424000333748,137.57200026720005,0.0,-0.00592,0.13269,0.0538446875,0.028343300947716112,0.13861
2026-02-08,24.16800040069201,100.20000009887997,0.0,-0.00725,0.1258,0.04250569444444444,0.03789515293861216,0.13305
2026-02-09,143.66666731735478,1.3719998664,0.0,0.0298,0.16229,0.09159500000000001,0.021649197295835417,0.13249
2026-02-10,52.5453333634054,49.54100003448,-0.036332440290025636,-0.0011,0.1681,0.09344770833333332,0.0439389349176628,0.1692
2026-02-11,143.75499943295705,8.9420002338,0.0,-0.00425,0.13424,0.0644161111111111,0.04133656755077273,0.13849
2026-02-12,183.2603332332535,113.64499972920001,0.0,-0.05011,0.07804000000000001,0.012723958333333334,0.03435956693595152,0.12815000000000001
2026-02-13,38.510666733106675,87.66999966600001,0.0,-0.02767,0.06913,0.0061211458333333335,0.018767512084245933,0.0968
2026-02-14,25.099000166759993,132.21600050099997,0.0,-0.04217,0.03669,0.0032040625,0.020720418984207286,0.07886
2026-02-15,22.126999833132,153.62299913172012,0.0,-0.01719,0.07013,0.021495625,0.02430137104056516,0.08732
2026-02-16,58.05869824521946,67.78379711900394,2.0101356893309714,-0.006030000000000001,0.22344,0.05147555555555556,0.053986234789329485,0.22947
2026-02-17,184.3342003630897,60.673218979634626,5.45431198258748,-0.11031,0.26977999999999996,0.03768670138888889,0.057502671471536704,0.38009
2026-02-18,142.8252358038953,77.95300046772,-0.00023257643296926772,-0.039479999999999994,0.09248999999999999,0.026913576388888888,0.0376484426068182,0.13196999999999998
2026-02-19,118.83299983322807,112.97799986640005,0.0,-0.00799,0.12906,0.044305694444444446,0.04208358985053087,0.13705
2026-02-20,50.73799986617202,94.03399923180001,0.0,0.00126,0.15109999999999998,0.06603840277777778,0.03571277305268334,0.14983999999999997
2026-02-21,24.70399993296,118.40600023379997,0.0,-0.00508,0.11425,0.05650548611111111,0.03766785156568821,0.11933
2026-02-22,28.981999932840015,4.560000100319998,0.0,-0.00425,0.09,0.038083437500000004,0.0278225847333325,0.09425
2026-02-23,113.17900033400002,106.08600020519997,0.0,-0.01475,0.09708,0.041223055555555554,0.03575347733928212,0.11183
2026-02-24,49.87200040081203,21.77999979959999,0.0,0.01271,0.12544,0.07431572916666668,0.017693221309380055,0.11273
2026-02-25,179.23933390112123,4.785000200400001,0.0,-0.019989999999999997,0.0897,0.016203784722222222,0.025067827943822528,0.10969
2026-02-26,113.83633336660013,62.08100033400002,0.0,-0.03633,0.07267,0.016657083333333336,0.029730504504357536,0.109
2026-02-27,68.78033336622816,67.6170105889893,1.5190131540297298,5e-05,0.19569,0.06789118055555556,0.038465468490546835,0.19564
2026-02-28,39.02975784162708,39.39870383668389,0.04347622412168607,-0.0032,0.18797999999999998,0.04321013888888889,0.03304118768452998,0.19118
2026-03-01,31.403999699508002,49.25699959920003,0.0,-0.0039900000000000005,0.05526,0.019119097222222225,0.017277697771900493,0.05925
2026-03-02,118.18633433509328,0.0,0.0,0.00126,0.1253,0.06085829861111111,0.021738411408027652,0.12404
2026-03-03,187.32436699346928,23.158999833000003,-0.01682898273427998,-0.00426,0.14644,0.05709965277777778,0.034609686100923416,0.1507
2026-03-04,133.21933393441336,8.705999899799998,0.0,-0.96997,0.11518,0.054734861111111116,0.07140926700796464,1.08515
2026-03-05,97.88699983310804,82.91600033400005,0.0,-0.05001,0.15771000000000002,0.05691392361111111,0.052324627670517224,0.20772000000000002
2026-03-06,53.90799969976,85.50100036740004,0.0,-0.01267,0.12039,0.04977885416666667,0.03925332125684329,0.13306
2026-03-07,48.01799990064002,64.20000020159999,0.0,-0.05129,0.09623000000000001,0.014083402777777778,0.0379675623181257,0.14752
2026-03-08,22.04399999999998,96.66800043420002,0.0,-0.06841,0.07981999999999999,-0.011295729166666666,0.039927376042693016,0.14822999999999997
2026-03-09,69.65799993345198,116.35199959907997,0.0,-0.05173,0.09799,0.03722701388888889,0.044637288112146505,0.14972
2026-03-10,70.80900009984005,70.06400043480001,0.0,-0.00475,0.13616,0.05721822916666667,0.03645563012668085,0.14091
2026-03-11,222.40599949997195,5.616,0.0,-0.05011,0.05467,-0.0021847916666666665,0.01527704031977581,0.10478000000000001
2026-03-12,91.51933283257337,36.881999899800014,0.0,-0.03867,0.0319,0.0032793055555555557,0.0151367117539326,0.07057
2026-03-13,57.56766616602665,66.17500006679998,0.0,-0.05225,0.03169,-0.0029834374999999995,0.01821205507797865,0.08394
2026-03-14,41.39300023369203,119.5260003006,0.0,-0.06,0.06,0.005814166666666667,0.033958522568749434,0.12
2026-03-15,46.12899976657201,107.65499989979999,0.0,-0.019989999999999997,0.12102,0.04086763888888889,0.039899551716257954,0.14101
2026-03-16,99.82500033354268,21.105561653504555,3.618300324911656,0.03728,0.17196,0.09980819444444444,0.030628913002442443,0.13468
2026-03-17,121.5356662261708,3.492746032772731,0.0,0.05767,0.15268,0.10546611111111111,0.01878908414696384,0.09501000000000001
2026-03-18,115.05843827997018,27.645745732172728,0.0,0.0585,0.13356,0.0950421875,0.017826294648985705,0.07506000000000002
2026-03-19,82.48103843696218,0.0,0.0,0.08,0.18300999999999998,0.1111398263888889,0.019810963871472586,0.10300999999999998
2026-03-20,138.31163165513846,69.9943445847979,-0.4220595373799049,-0.0639,0.15619,0.07268545138888888,0.045000079053020746,0.22009
2026-03-21,32.78400020015999,105.51499963272002,0.0,-0.00925,0.224,0.05577277777777778,0.04871594114021536,0.23325
2026-03-22,24.709000166746826,99.19399953239999,0.0,-0.04418,0.11469,0.05278486111111111,0.05137470431239694,0.15887
2026-03-23,47.997419399993305,57.03800073479998,-0.06314355420419573,-0.00646,0.1475,0.06624458333333333,0.04124540921978247,0.15395999999999999
2026-03-24,134.74161349981352,16.188999766200002,-0.021088315921023084,0.0,0.16056,0.06577986111111112,0.04609884412053016,0.16056
2026-03-25,159.9103332664254,32.20699993320001,0.0,-0.00256,0.13801,0.06399829861111112,0.036135227200480985,0.14057
2026-03-26,158.44233363393346,27.887999599199993,0.0,-0.061700000000000005,0.12423999999999999,0.030923402777777775,0.04610246271643345,0.18594
2026-03-27,62.73566700063062,44.84000013360001,0.0,-0.0341,0.055689999999999996,0.0025918749999999996,0.018810331710273555,0.08979
2026-03-28,48.14800016759995,51.27700036740001,0.0,-0.0124,0.08067,0.030281944444444445,0.03244341130295199,0.09307
2026-03-29,25.71900010032,96.45700026719999,0.0,-0.06,0.08993999999999999,0.03162555555555555,0.038641637537851055,0.14994
2026-03-30,51.253104745430804,92.02669488522096,1.9953854123864623,-0.00725,0.27381,0.053319375,0.04475906290130679,0.28106
2026-03-31,112.51600003315997,83.34800003340004,0.0,-0.03277,0.08083,0.009085520833333333,0.02309884581048516,0.1136
2026-04-01,145.4476670341747,38.62100023380002,0.0,-0.00436,0.14246,0.05446961805555556,0.05318414319428354,0.14682
2026-04-02,115.4433407827934,76.26460652093286,0.6978606426313847,-0.012060000000000001,0.23669,0.059113020833333335,0.05434412837420598,0.24875000000000003
2026-04-03,112.68370008377714,43.9030000668,0.0,-0.05001,0.03369,-0.001692604166666667,0.014568782857920456,0.0837
2026-04-04,32.392000467948016,93.15099966599995,0.0,-0.12001,0.05143,-0.013890381944444443,0.03518505634142258,0.17144
2026-04-05,26.380000066920008,97.65899989980008,0.0,-0.06,0.08097,0.029067933333333334,0.04274835389733733,0.14096999999999998
2026-04-06,43.46400046747999,35.20799959907998,0.0,-0.019989999999999997,0.09140999999999999,0.03302927083333333,0.032426314815251864,0.11139999999999999
2026-04-07,142.54833346650145,13.5609998664,0.0,-0.02972,0.14293,0.040984270833333336,0.05695260524388472,0.17265
2026-04-08,117.38210471149343,50.26492210394214,1.5216169760086238,-0.0001,0.20628,0.0710225,0.05091007896349883,0.20637999999999998
2026-04-09,161.07130541613512,47.58600040080002,0.0,-0.0189,0.02016,-0.004304583333333333,0.005155182484257277,0.03906
2026-04-10,112.63900006658393,36.776000233800005,0.0,-0.03358,0.00227,-0.0054978125,0.006086930971158461,0.03585
2026-04-11,36.88199969928,21.646999832999995,0.0,-0.02532,0.00869,-0.005075659722222222,0.006716669127071335,0.03401
2026-04-12,28.522000166868015,47.84299943208001,0.0,-0.01345,0.055490000000000005,0.0034439236111111116,0.01719201259583036,0.06894
2026-04-13,65.27599979925199,19.254000000000016,0.0,-0.0001,0.13140000000000002,0.051166388888888886,0.04023396854083751,0.1315
2026-04-14,102.83799990015406,27.799540548779554,6.469466328776824,0.0348,0.261,0.10129364583333333,0.04386758152623912,0.2262
2026-04-15,145.3522675765607,12.470303390470153,1.570480286006862,0.0,0.24105000000000001,0.07849645833333334,0.05479062137717745,0.24105000000000001
2026-04-16,216.58116636353037,54.086999899800006,-0.14500760229903567,-0.03234,0.11728,0.015300520833333334,0.03018903811610882,0.14962
2026-04-17,49.926999966467946,62.09399999999997,0.0,-0.047700000000000006,0.09106,0.03160892361111111,0.03466210564617932,0.13876
2026-04-18,35.588999899680005,31.562000133600016,0.0,-0.00413,0.1279,0.05482708333333333,0.03964403353529678,0.13203
2026-04-19,27.035667234220004,72.50795429833367,0.6496543232297124,-0.00601,0.24348,0.06466673611111112,0.055447469528507695,0.24949
2026-04-20,59.07366656585203,56.50514545294789,6.924393082466762,0.011,0.27702,0.08167506944444444,0.04893053466185315,0.26602
2026-04-21,133.04623341537828,61.545999565799974,-0.10394143281732827,-0.01345,0.10887000000000001,0.03316885416666667,0.035772317130688076,0.12232000000000001
2026-04-22,133.21633393465333,38.45099979960003,0.0,-0.0035499999999999998,0.1005,0.027012986111111113,0.034592626574917996,0.10405
2026-04-23,116.44666669982553,54.097999833,0.0,-0.0030600000000000002,0.1005,0.04643371527777777,0.03253260688200161,0.10356000000000001
2026-04-24,142.3959999327319,57.75799983299998,0.0,-0.01173,0.07775,0.013015451388888889,0.02660425907987791,0.08948
2026-04-25,28.141000567691997,79.34299963260003,0.0,-0.0639,0.07665999999999999,-0.009327118055555556,0.02972427544783735,0.14056
2026-04-26,27.881999800104015,63.011000434079996,0.0,-0.01174,0.09692,0.02490111111111111,0.037129386665575664,0.10866
2026-04-27,55.14366663326667,33.71199936540001,0.0,0.009,0.1384,0.06731895833333333,0.03343388772470979,0.1294
2026-04-28,139.16300026696013,35.8629999666,0.0,-0.00425,0.12390000000000001,0.060768576388888884,0.03930485124530746,0.12815000000000001
2026-04-29,111.32333346742533,43.0479998664,0.0,0.0016699999999999998,0.12390000000000001,0.05602975694444444,0.029497503944657888,0.12223
2026-04-30,130.02499979974394,26.0589998664,0.0,-0.0121,0.0815,0.011998611111111111,0.023511529075285493,0.0936
2026-05-01,134.2409997663319,36.821999799600015,0.0,-0.00902,0.02911,0.0018692013888888888,0.008507901454816934,0.03813
2026-05-02,36.077999699880024,8.0329994322,0.0,-0.0121,1e-05,-0.001810486111111111,0.0015464669545833412,0.01211
2026-05-03,34.66599976657198,10.124000033520002,0.0,-0.00405,0.019559999999999998,0.00036555555555555554,0.003848307067543003,0.02361
2026-05-04,129.41833350006945,25.591999131600005,0.0,-0.0121,0.02869,0.00015013888888888878,0.006647309637453541,0.04079
2026-05-05,57.17266629923271,16.006388576770064,2.1419616076892205,-5e-05,0.19047,0.07707711805555556,0.0436081247148144,0.19052
2026-05-06,220.31007611879227,15.6800000334,-0.12784860988173138,-0.0121,0.13734,0.03697975694444444,0.043270191270133755,0.14944
2026-05-07,71.31600010021201,12.400999732800003,0.0,-0.0001,0.07112,0.01688232638888889,0.019877425199158756,0.07122
2026-05-08,133.40999986690517,16.0019997996,0.0,-0.00567,0.10304,0.028594131944444448,0.03686896861359988,0.10871
2026-05-09,55.12900006742404,7.182999766200002,0.0,0.00714,0.12606,0.08156402777777777,0.023949226746792063,0.11892000000000001
2026-05-10,29.381999999640016,20.30499956604,0.0,-0.002,0.12986,0.07825302083333334,0.040012454396983,0.13186
2026-05-11,72.21566626538669,16.76499996660001,0.0,0.01489,0.13854,0.07955770833333334,0.025381946592970994,0.12365
2026-05-12,145.85933380104015,15.136999732800007,0.0,0.0,0.14266,0.06600913194444444,0.022505967654826372,0.14266
2026-05-13,174.6160001669986,15.758999899799996,0.0,0.01065,0.11119,0.061097951388888884,0.026153414437303128,0.10053999999999999
2026-05-14,117.68574686254216,24.871005756442983,2.7585099695360977,0.01205,0.27713,0.07684284722222222,0.03792723505757394,0.26508
2026-05-15,139.80999963358394,10.3500001002,0.0,-0.02658,0.09087999999999999,0.03601611111111111,0.028432766606146465,0.11745999999999998
2026-05-16,66.03299989990799,3.7699997327999997,0.0,-0.01156,0.17468999999999998,0.03990631944444444,0.05408388102848365,0.18624999999999997
2026-05-17,38.416666065744025,2.7912873221797785,0.6384708565569591,0.09694,0.24439,0.1381882986111111,0.023960009966254116,0.14745
2026-05-18,52.184000333780794,122.23904142899485,34.8921677338153,0.097,0.29997,0.1714125,0.0591129580174678,0.20297
2026-05-19,295.51042769859265,0.3012149021640522,-0.5596749822331156,-0.0121,0.11363,0.061745208333333336,0.03021174993446733,0.12573
2026-05-20,144.19861165595796,3.6709999332,-0.024689175963618405,-5e-05,0.16419,0.06629659722222223,0.041475922735702594,0.16424
2026-05-21,164.27233273214534,0.06300010020000002,0.0,0.06003,0.19379,0.1126932638888889,0.02147078197245077,0.13376
2026-05-22,158.82966613287846,0.3600003006000002,0.0,-0.00151,0.18068,0.08000312500000001,0.03482498223133633,0.18219000000000002
2026-05-23,81.93900070116005,0.3889997327999998,0.0,0.00492,0.09989,0.04898819444444444,0.02661985866743575,0.09497000000000001
2026-05-24,33.13799989968,7.6589996994000025,0.0,0.028059999999999998,0.14644,0.08337479166666667,0.022820166748063163,0.11837999999999999
2026-05-25,79.25766663277594,7.225999933200002,0.0,0.03594,0.13,0.08908322916666667,0.01781315884990947,0.09406
2026-05-26,160.944999999988,4.116999866400001,0.0,0.00894,0.16075,0.07403055555555556,0.03265648258374663,0.15181
2026-05-27,128.98066690035864,2.9929997328000004,0.0,0.00894,0.22353,0.1271943402777778,0.06016559657074028,0.21459
2026-05-28,151.17666643347863,1.7749999331999997,0.0,0.06067,0.19047,0.1350821527777778,0.024867542708655845,0.1298
2026-05-29,183.88377087653103,7.491360817120947,1.5004541032585441,0.03478,0.27266,0.09262065972222222,0.03266343647171326,0.23788
2026-05-30,84.95100000049209,2.786999599200001,0.0,-0.0001,0.06570999999999999,0.020258125000000002,0.015594234705621405,0.06581
2026-05-31,49.98700026719996,2.5240001671199996,0.0,-0.00229,0.11333,0.02734201388888889,0.034950739382544775,0.11562
